DateAware,DateSubmitted,DataBreachCause,DateStart,DateEnd,Name,Id,CyberattackType,WashingtoniansAffected,IndustryType,WashingtoniansAffectedRange,BreachLifecycleRange,DaysToContainBreach,DaysToIdentifyBreach,DiscoveredInProgress,DaysOfExposure,EndedOnDayDiscovered,DaysElapsedBeforeNotification,DaysOfExposureRange
02/04/2021 12:00:00 AM,03/17/2021 12:00:00 AM,Cyberattack,02/04/2021 12:00:00 AM,02/08/2021 12:00:00 AM,Automatic Funds Transfer Services Inc.,10427,Ransomware,695,Finance,500-999,1-99,4,0,true,4,false,41,1-99
12/20/2019 12:00:00 AM,03/17/2021 12:00:00 AM,Cyberattack,,,PCS Revenue Control Systems,10428,Phishing,11807,Business,"10,000-49,999",Unknown,,,false,,false,453,Unknown
02/22/2021 12:00:00 AM,03/17/2021 12:00:00 AM,Cyberattack,12/24/2020 12:00:00 AM,12/29/2020 12:00:00 AM,Western Union Retail Money Transfer Partner,10429,Malware,1555,Finance,"1,000-9,999",1-99,0,60,false,5,false,23,1-99
05/24/2020 12:00:00 AM,03/18/2021 12:00:00 AM,Cyberattack,05/24/2020 12:00:00 AM,,Manson Counstruction Co.,10430,Unclear/unknown,1049,Business,"1,000-9,999",Unknown,,0,false,,false,298,Unknown
01/18/2021 12:00:00 AM,03/19/2021 12:00:00 AM,Cyberattack,01/12/2021 12:00:00 AM,01/18/2021 12:00:00 AM,Cancer Treatment Centers of America,10431,Phishing,579,Health,500-999,1-99,0,6,true,6,true,60,1-99
11/29/2020 12:00:00 AM,03/19/2021 12:00:00 AM,Cyberattack,11/18/2020 12:00:00 AM,11/29/2020 12:00:00 AM,"Citywide Home Loans, LLC",10432,Ransomware,2407,Finance,"1,000-9,999",1-99,0,11,true,11,true,110,1-99
02/24/2021 12:00:00 AM,03/22/2021 12:00:00 AM,Theft or Mistake,02/22/2021 12:00:00 AM,02/24/2021 12:00:00 AM,"On Q Fiancial, Inc.",10433,,18066,Finance,"10,000-49,999",1-99,0,2,true,2,true,26,1-99
12/04/2020 12:00:00 AM,03/24/2021 12:00:00 AM,Cyberattack,02/06/2019 12:00:00 AM,12/10/2020 12:00:00 AM,National Wildlife Federation,10434,Malware,3311,Non-Profit/Charity,"1,000-9,999",500+,6,667,true,673,false,110,500+
03/02/2021 12:00:00 AM,04/01/2021 12:00:00 AM,Cyberattack,02/01/2021 12:00:00 AM,,"MHNext, LLC",10435,Unclear/unknown,7714,Business,"1,000-9,999",Unknown,,29,false,,false,30,Unknown
08/14/2020 12:00:00 AM,04/02/2021 12:00:00 AM,Cyberattack,,,FPI Management,10436,Unclear/unknown,1022,Business,"1,000-9,999",Unknown,,,false,,false,231,Unknown
01/07/2021 12:00:00 AM,04/02/2021 12:00:00 AM,Cyberattack,03/01/2020 12:00:00 AM,01/07/2021 12:00:00 AM,"Slate & Tell, LLC",10437,Malware,624,Business,500-999,300-399,0,312,true,312,true,85,300-399
01/27/2021 12:00:00 AM,04/06/2021 12:00:00 AM,Cyberattack,02/07/2020 12:00:00 AM,05/20/2020 12:00:00 AM,Marines' Memorial Association & Foundation,10438,Ransomware,2625,Non-Profit/Charity,"1,000-9,999",300-399,0,355,false,103,false,69,100-199
12/29/2020 12:00:00 AM,04/06/2021 12:00:00 AM,Cyberattack,11/25/2020 12:00:00 AM,12/25/2020 12:00:00 AM,"Minnetonka Moccasin Company, Inc.",10439,Malware,821,Business,500-999,1-99,0,34,false,30,false,98,1-99
07/01/2020 12:00:00 AM,04/06/2021 12:00:00 AM,Cyberattack,05/26/2020 12:00:00 AM,07/01/2020 12:00:00 AM,Portland State University Foundation,10440,Phishing,4216,Non-Profit/Charity,"1,000-9,999",1-99,0,36,true,36,true,279,1-99
03/11/2021 12:00:00 AM,04/07/2021 12:00:00 AM,Cyberattack,03/30/2020 12:00:00 AM,11/06/2020 12:00:00 AM,American Society for Clinical Pathology,10441,Malware,703,Health,500-999,300-399,0,346,false,221,false,27,200-299
11/24/2020 12:00:00 AM,04/08/2021 12:00:00 AM,Cyberattack,,,MailMyPrescriptions.com,10442,Phishing,507,Health,500-999,Unknown,,,false,,false,135,Unknown
11/08/2020 12:00:00 AM,04/08/2021 12:00:00 AM,Cyberattack,,,Nexelis Group,10443,Ransomware,957,Health,500-999,Unknown,,,false,,false,151,Unknown
09/07/2020 12:00:00 AM,04/09/2021 12:00:00 AM,Cyberattack,04/08/2020 12:00:00 AM,09/21/2020 12:00:00 AM,American College of Emergency Physicians,10444,Unclear/unknown,4148,Health,"1,000-9,999",100-199,14,152,true,166,false,214,100-199
01/11/2021 12:00:00 AM,04/09/2021 12:00:00 AM,Cyberattack,,,"McDougall & Sons, Inc.",10445,Ransomware,5885,Business,"1,000-9,999",Unknown,,,false,,false,88,Unknown
02/11/2021 12:00:00 AM,04/13/2021 12:00:00 AM,Cyberattack,,,FloForm Industries LLC,10446,Ransomware,970,Business,500-999,Unknown,,,false,,false,61,Unknown
01/25/2021 12:00:00 AM,04/13/2021 12:00:00 AM,Cyberattack,01/06/2021 12:00:00 AM,01/25/2021 12:00:00 AM,University of Colorado,10447,Malware,3511,Education,"1,000-9,999",1-99,0,19,true,19,true,78,1-99
04/12/2021 12:00:00 AM,04/15/2021 12:00:00 AM,Cyberattack,12/02/2020 12:00:00 AM,12/10/2020 12:00:00 AM,"AmeriFirst Financial, Inc.",10448,Unclear/unknown,757,Finance,500-999,100-199,0,131,false,8,false,3,1-99
03/18/2021 12:00:00 AM,04/19/2021 12:00:00 AM,Cyberattack,01/07/2021 12:00:00 AM,04/11/2021 12:00:00 AM,"Blade HQ, LLC",10449,Malware,3090,Business,"1,000-9,999",1-99,24,70,true,94,false,32,1-99
03/30/2021 12:00:00 AM,04/26/2021 12:00:00 AM,Cyberattack,03/06/2021 12:00:00 AM,03/30/2021 12:00:00 AM,Seattle Police Officers' Guild,10450,Malware,1297,Non-Profit/Charity,"1,000-9,999",1-99,0,24,true,24,true,27,1-99
04/17/2021 12:00:00 AM,04/28/2021 12:00:00 AM,Unauthorized Access,09/17/2015 12:00:00 AM,04/17/2021 12:00:00 AM,"ClearVoice Research.com, LLC",10451,,21564,Business,"10,000-49,999",500+,0,2039,true,2039,true,11,500+
04/05/2021 12:00:00 AM,04/28/2021 12:00:00 AM,Cyberattack,02/07/2020 12:00:00 AM,05/20/2020 12:00:00 AM,Direct Relief,10452,Ransomware,926,Non-Profit/Charity,500-999,400-499,0,423,false,103,false,23,100-199
02/27/2021 12:00:00 AM,04/29/2021 12:00:00 AM,Unauthorized Access,02/27/2021 12:00:00 AM,,Insurance Technologies Corporation,10453,,3925,Business,"1,000-9,999",Unknown,,0,false,,false,61,Unknown
01/07/2021 12:00:00 AM,04/30/2021 12:00:00 AM,Cyberattack,11/03/2020 12:00:00 AM,12/07/2020 12:00:00 AM,Kettle Cuisine,10454,Ransomware,950,Business,500-999,1-99,0,65,false,34,false,113,1-99
03/10/2021 12:00:00 AM,05/03/2021 12:00:00 AM,Cyberattack,12/01/2020 12:00:00 AM,03/08/2021 12:00:00 AM,"Divvy Up, Inc.",10455,Malware,1137,Business,"1,000-9,999",1-99,0,99,false,97,false,54,1-99
02/03/2021 12:00:00 AM,05/04/2021 12:00:00 AM,Cyberattack,01/27/2021 12:00:00 AM,02/03/2021 12:00:00 AM,Inventors Hall of Fame,10456,Phishing,685,Non-Profit/Charity,500-999,1-99,0,7,true,7,true,90,1-99
02/19/2021 12:00:00 AM,05/05/2021 12:00:00 AM,Unauthorized Access,02/06/2021 12:00:00 AM,02/06/2021 12:00:00 AM,NEC Networks dba CaptureRx,10457,,126193,Health,"50,000-999,999",1-99,0,13,false,0,false,75,0
01/20/2021 12:00:00 AM,05/05/2021 12:00:00 AM,Cyberattack,08/21/2020 12:00:00 AM,01/25/2021 12:00:00 AM,Timberland Regional Library,10458,Phishing,26209,Government,"10,000-49,999",100-199,5,152,true,157,false,105,100-199
03/22/2021 12:00:00 AM,05/07/2021 12:00:00 AM,Cyberattack,03/04/2021 12:00:00 AM,03/22/2021 12:00:00 AM,"JHT Holdings, Inc.",10459,Ransomware,511,Business,500-999,1-99,0,18,true,18,true,46,1-99
12/26/2020 12:00:00 AM,03/16/2021 12:00:00 AM,Unauthorized Access,,12/26/2020 12:00:00 AM,Infinity Insurance Company,10426,,606,Finance,500-999,Unknown,0,,true,,true,80,Unknown
01/24/2021 12:00:00 AM,03/15/2021 12:00:00 AM,Cyberattack,,,"Flagstar Bank, FSB",10425,Malware,61006,Finance,"50,000-999,999",Unknown,,,false,,false,50,Unknown
11/29/2020 12:00:00 AM,03/15/2021 12:00:00 AM,Cyberattack,,,American Health Care Academy,10424,Malware,1211,Health,"1,000-9,999",Unknown,,,false,,false,106,Unknown
06/01/2020 12:00:00 AM,03/11/2021 12:00:00 AM,Cyberattack,,,Security Industry Specialists,10423,Ransomware,2264,Business,"1,000-9,999",Unknown,,,false,,false,283,Unknown
12/03/2020 12:00:00 AM,03/11/2021 12:00:00 AM,Cyberattack,11/08/2020 12:00:00 AM,12/03/2020 12:00:00 AM,Perkins & Co,10422,Ransomware,41871,Finance,"10,000-49,999",1-99,0,25,true,25,true,98,1-99
03/09/2021 12:00:00 AM,03/11/2021 12:00:00 AM,Cyberattack,,,Pan-American Life Insurance Group,10421,Phishing,599,Finance,500-999,Unknown,,,false,,false,2,Unknown
02/04/2021 12:00:00 AM,03/10/2021 12:00:00 AM,Cyberattack,,,Public Utility District No. 1 of Skagit County,10420,Ransomware,23935,Government,"10,000-49,999",Unknown,,,false,,false,34,Unknown
11/20/2020 12:00:00 AM,03/10/2021 12:00:00 AM,Unauthorized Access,11/07/2020 12:00:00 AM,11/08/2020 12:00:00 AM,"Mead Johnson & Company, LLC",10419,,2828,Business,"1,000-9,999",1-99,0,13,false,1,false,110,1-99
01/19/2021 12:00:00 AM,03/05/2021 12:00:00 AM,Cyberattack,12/01/2020 12:00:00 AM,01/20/2021 12:00:00 AM,Metromile Insurance Company,10418,Malware,1400,Finance,"1,000-9,999",1-99,1,49,true,50,false,45,1-99
10/16/2019 12:00:00 AM,11/14/2019 12:00:00 AM,Unauthorized Access,07/09/2019 12:00:00 AM,10/09/2019 12:00:00 AM,"Green Roads of Florida, LLC",10416,,540,Business,500-999,1-99,0,99,false,92,false,29,1-99
10/15/2020 12:00:00 AM,04/04/2021 12:00:00 AM,Cyberattack,10/06/2020 12:00:00 AM,10/15/2020 12:00:00 AM,"RXLTC, PLLC & Prescription Pharmacy, PLLC",10415,Phishing,560,Health,500-999,1-99,0,9,true,9,true,171,1-99
01/29/2021 12:00:00 AM,03/05/2021 12:00:00 AM,Cyberattack,01/28/2021 12:00:00 AM,01/31/2021 12:00:00 AM,American Armed Forces Mutual Aid Association,10414,Unclear/unknown,4318,Non-Profit/Charity,"1,000-9,999",1-99,2,1,true,3,false,35,1-99
11/16/2020 12:00:00 AM,03/04/2021 12:00:00 AM,Cyberattack,,,Americold Realty Trust,10413,Ransomware,3337,Business,"1,000-9,999",Unknown,,,false,,false,108,Unknown
02/09/2021 12:00:00 AM,03/02/2021 12:00:00 AM,Cyberattack,,,Northshore Utility District,10412,Ransomware,4900,Government,"1,000-9,999",Unknown,,,false,,false,21,Unknown
10/20/2020 12:00:00 AM,03/02/2021 12:00:00 AM,Cyberattack,,,Cardinal Logistics Management Corp.,10411,Ransomware,1308,Business,"1,000-9,999",Unknown,,,false,,false,133,Unknown
01/28/2021 12:00:00 AM,02/27/2021 12:00:00 AM,Cyberattack,07/01/2020 12:00:00 AM,10/31/2020 12:00:00 AM,"Casemaker, LLC and Lawriter, LLC",10410,Malware,1690,Business,"1,000-9,999",200-299,0,211,false,122,false,30,100-199
02/02/2021 12:00:00 AM,02/26/2021 12:00:00 AM,Cyberattack,,,"BSN Sports, LLC",10409,Malware,523,Business,500-999,Unknown,,,false,,false,24,Unknown
01/04/2021 12:00:00 AM,02/23/2021 12:00:00 AM,Cyberattack,,,Washington Education Association & Seattle Education Association,10408,Ransomware,17415,Education,"10,000-49,999",Unknown,,,false,,false,50,Unknown
02/11/2021 12:00:00 AM,02/23/2021 12:00:00 AM,Cyberattack,02/03/2021 12:00:00 AM,,Lakewood Water District,10407,Ransomware,14877,Government,"10,000-49,999",Unknown,,8,false,,false,12,Unknown
12/22/2020 12:00:00 AM,02/23/2021 12:00:00 AM,Theft or Mistake,10/12/2020 12:00:00 AM,12/16/2020 12:00:00 AM,Humana,10406,,675,Health,500-999,1-99,0,71,false,65,false,63,1-99
01/23/2021 12:00:00 AM,02/19/2021 12:00:00 AM,Cyberattack,12/24/2020 12:00:00 AM,12/29/2020 12:00:00 AM,The Kroger Co.,10405,Malware,153800,Business,"50,000-999,999",1-99,0,30,false,5,false,27,1-99
01/14/2021 12:00:00 AM,02/17/2021 12:00:00 AM,Cyberattack,12/03/2020 12:00:00 AM,01/14/2021 12:00:00 AM,"Woodcreek Provider Services, LLC",10402,Ransomware,25917,Health,"10,000-49,999",1-99,0,42,true,42,true,34,1-99
01/12/2021 12:00:00 AM,02/12/2021 12:00:00 AM,Cyberattack,,,Washington State Auditor's Office,10401,Malware,1420520,Government,"1,000,000+",Unknown,,,false,,false,31,Unknown
01/03/2021 12:00:00 AM,02/02/2021 12:00:00 AM,Cyberattack,01/03/2021 12:00:00 AM,,The Brotherhood's Relief & Compensation Fund,10400,Ransomware,1563,Non-Profit/Charity,"1,000-9,999",Unknown,,0,false,,false,30,Unknown
12/28/2020 12:00:00 AM,01/26/2021 12:00:00 AM,Cyberattack,12/28/2020 12:00:00 AM,12/28/2020 12:00:00 AM,thyssenkrupp Materials,10399,Ransomware,1250,Business,"1,000-9,999",0,0,0,true,0,true,29,0
08/31/2020 12:00:00 AM,01/27/2021 12:00:00 AM,Cyberattack,08/28/2020 12:00:00 AM,08/29/2020 12:00:00 AM,Absher Construction Company,10398,Malware,1527,Business,"1,000-9,999",1-99,0,3,false,1,false,149,1-99
07/25/2020 12:00:00 AM,01/26/2021 12:00:00 AM,Cyberattack,04/05/2020 12:00:00 AM,08/06/2020 12:00:00 AM,Puget Sound Educational Service District,10397,Phishing,32419,Education,"10,000-49,999",100-199,12,111,true,123,false,185,100-199
08/17/2020 12:00:00 AM,01/26/2021 12:00:00 AM,Cyberattack,,,"Bosley, Inc.",10396,Ransomware,1936,Business,"1,000-9,999",Unknown,,,false,,false,162,Unknown
08/10/2020 12:00:00 AM,01/25/2021 12:00:00 AM,Cyberattack,08/05/2020 12:00:00 AM,08/17/2020 12:00:00 AM,Einstein Healthcare Network,10395,Phishing,1197,Health,"1,000-9,999",1-99,7,5,true,12,false,168,1-99
08/01/2020 12:00:00 AM,01/25/2021 12:00:00 AM,Cyberattack,,,American Frame Corporation,10394,Ransomware,954,Business,500-999,Unknown,,,false,,false,177,Unknown
12/14/2020 12:00:00 AM,01/21/2021 12:00:00 AM,Cyberattack,11/08/2020 12:00:00 AM,11/09/2020 12:00:00 AM,Cardinal Financial Company,10393,Unclear/unknown,925,Finance,500-999,1-99,0,36,false,1,false,38,1-99
12/22/2020 12:00:00 AM,01/19/2021 12:00:00 AM,Cyberattack,02/07/2020 12:00:00 AM,05/20/2020 12:00:00 AM,Helen Keller International,10392,Ransomware,534,Non-Profit/Charity,500-999,300-399,0,319,false,103,false,28,100-199
10/14/2020 12:00:00 AM,01/15/2021 12:00:00 AM,Cyberattack,,,"Walla Walla County, WA",10391,Unclear/unknown,577,Government,500-999,Unknown,,,false,,false,93,Unknown
12/10/2020 12:00:00 AM,01/13/2021 12:00:00 AM,Cyberattack,12/05/2019 12:00:00 AM,05/15/2020 12:00:00 AM,Waters & Kraus LLP,10390,Phishing,522,Business,500-999,300-399,0,371,false,162,false,34,100-199
07/16/2020 12:00:00 AM,01/13/2021 12:00:00 AM,Cyberattack,02/07/2020 12:00:00 AM,05/20/2020 12:00:00 AM,North Park University,10389,Ransomware,1239,Education,"1,000-9,999",100-199,0,160,false,103,false,181,100-199
09/07/2020 12:00:00 AM,01/12/2021 12:00:00 AM,Cyberattack,08/31/2020 12:00:00 AM,09/07/2020 12:00:00 AM,"National Board for Certified Counselors, Inc.",10388,Malware,9898,Non-Profit/Charity,"1,000-9,999",1-99,0,7,true,7,true,127,1-99
11/12/2020 12:00:00 AM,01/11/2021 12:00:00 AM,Cyberattack,11/09/2020 12:00:00 AM,11/12/2020 12:00:00 AM,Jefferson Healthcare,10387,Phishing,2496,Health,"1,000-9,999",1-99,0,3,true,3,true,60,1-99
12/16/2020 12:00:00 AM,01/11/2021 12:00:00 AM,Cyberattack,04/01/2020 12:00:00 AM,06/30/2020 12:00:00 AM,"ALE Solutions, Inc.",10386,Ransomware,736,Business,500-999,200-299,0,259,false,90,false,26,1-99
12/04/2020 12:00:00 AM,01/08/2021 12:00:00 AM,Cyberattack,08/12/2020 12:00:00 AM,09/14/2020 12:00:00 AM,"US Fertility, LLC (Seattle Reproductive Medicine)",10385,Ransomware,47952,Health,"10,000-49,999",100-199,0,114,false,33,false,35,1-99
07/16/2020 12:00:00 AM,01/08/2021 12:00:00 AM,Cyberattack,06/17/2020 12:00:00 AM,06/22/2020 12:00:00 AM,North American Partners in Anesthesia,10384,Phishing,505,Health,500-999,1-99,0,29,false,5,false,176,1-99
12/09/2020 12:00:00 AM,01/08/2021 12:00:00 AM,Cyberattack,02/07/2020 12:00:00 AM,05/20/2020 12:00:00 AM,Convoy of Hope,10383,Ransomware,1017,Non-Profit/Charity,"1,000-9,999",300-399,0,306,false,103,false,30,100-199
09/29/2020 12:00:00 AM,01/05/2021 12:00:00 AM,Cyberattack,02/07/2020 12:00:00 AM,05/20/2020 12:00:00 AM,Grinnell College,10382,Ransomware,2465,Education,"1,000-9,999",200-299,0,235,false,103,false,98,100-199
12/12/2020 12:00:00 AM,01/04/2021 12:00:00 AM,Cyberattack,12/12/2020 12:00:00 AM,12/26/2020 12:00:00 AM,"Peter Pan Seafoods, Inc.",10381,Ransomware,1661,Business,"1,000-9,999",1-99,14,0,true,14,false,23,1-99
10/20/2020 12:00:00 AM,12/31/2020 12:00:00 AM,Cyberattack,10/20/2020 12:00:00 AM,,"Life Quotes, Inc.",10380,Ransomware,626,Finance,500-999,Unknown,,0,false,,false,72,Unknown
07/16/2020 12:00:00 AM,12/28/2020 12:00:00 AM,Cyberattack,02/07/2020 12:00:00 AM,05/20/2020 12:00:00 AM,"Pulmonary Hypertension Association, Inc.",10379,Ransomware,722,Non-Profit/Charity,500-999,100-199,0,160,false,103,false,165,100-199
12/02/2020 12:00:00 AM,12/28/2020 12:00:00 AM,Theft or Mistake,11/30/2020 12:00:00 AM,,Prime Therapeutics,10378,,897,Health,500-999,Unknown,,2,false,,false,26,Unknown
11/11/2020 12:00:00 AM,12/23/2020 12:00:00 AM,Cyberattack,,,"Tree Top, Inc.",10377,Ransomware,9721,Business,"1,000-9,999",Unknown,,,false,,false,42,Unknown
09/29/2020 12:00:00 AM,12/23/2020 12:00:00 AM,Cyberattack,10/01/2019 12:00:00 AM,08/20/2020 12:00:00 AM,"Metabolic Maintenance Products, Inc.",10376,Malware,709,Business,500-999,300-399,0,364,false,324,false,85,300-399
12/02/2020 12:00:00 AM,12/23/2020 12:00:00 AM,Cyberattack,02/07/2020 12:00:00 AM,05/20/2020 12:00:00 AM,Bucknell University,10375,Ransomware,710,Education,500-999,200-299,0,299,false,103,false,21,100-199
11/23/2020 12:00:00 AM,12/22/2020 12:00:00 AM,Cyberattack,02/07/2020 12:00:00 AM,05/20/2020 12:00:00 AM,Cedarville University,10374,Ransomware,1706,Education,"1,000-9,999",200-299,0,290,false,103,false,29,100-199
11/12/2020 12:00:00 AM,12/18/2020 12:00:00 AM,Cyberattack,03/10/2020 12:00:00 AM,11/12/2020 12:00:00 AM,Washington State Bar Association,10373,Malware,4051,Government,"1,000-9,999",200-299,0,247,true,247,true,36,200-299
09/14/2020 12:00:00 AM,12/18/2020 12:00:00 AM,Unauthorized Access,11/11/2019 12:00:00 AM,12/09/2019 12:00:00 AM,Benton County of Washington,10372,,820,Government,500-999,300-399,0,308,false,28,false,95,1-99
11/06/2020 12:00:00 AM,12/16/2020 12:00:00 AM,Cyberattack,05/13/2018 12:00:00 AM,11/24/2020 12:00:00 AM,Paysafe Group Holdings Limited,10371,Unclear/unknown,1877,Business,"1,000-9,999",500+,18,908,true,926,false,40,500+
06/19/2020 12:00:00 AM,12/16/2020 12:00:00 AM,Cyberattack,06/17/2020 12:00:00 AM,06/22/2020 12:00:00 AM,"MEDNAX Services, Inc.",10370,Phishing,29861,Health,"10,000-49,999",1-99,3,2,true,5,false,180,1-99
09/28/2020 12:00:00 AM,12/16/2020 12:00:00 AM,Cyberattack,02/07/2020 12:00:00 AM,05/20/2020 12:00:00 AM,Kappa Delta Foundation,10369,Ransomware,1508,Non-Profit/Charity,"1,000-9,999",200-299,0,234,false,103,false,79,100-199
11/12/2020 12:00:00 AM,12/11/2020 12:00:00 AM,Cyberattack,02/07/2020 12:00:00 AM,05/20/2020 12:00:00 AM,Fairfield University,10368,Ransomware,505,Education,500-999,200-299,0,279,false,103,false,29,100-199
07/16/2020 12:00:00 AM,12/10/2020 12:00:00 AM,Cyberattack,02/07/2020 12:00:00 AM,05/20/2020 12:00:00 AM,Oklahoma State University Foundation,10367,Ransomware,1334,Non-Profit/Charity,"1,000-9,999",100-199,0,160,false,103,false,147,100-199
05/01/2020 12:00:00 AM,12/09/2020 12:00:00 AM,Cyberattack,,,City University of Seattle,10366,Unclear/unknown,1097,Education,"1,000-9,999",Unknown,,,false,,false,222,Unknown
10/25/2020 12:00:00 AM,12/04/2020 12:00:00 AM,Cyberattack,09/28/2020 12:00:00 AM,10/25/2020 12:00:00 AM,"USNR, LLC",10365,Ransomware,1368,Business,"1,000-9,999",1-99,0,27,true,27,true,40,1-99
11/11/2020 12:00:00 AM,12/01/2020 12:00:00 AM,Cyberattack,11/04/2020 12:00:00 AM,11/19/2020 12:00:00 AM,Stride Inc.,10364,Ransomware,742,Business,500-999,1-99,8,7,true,15,false,20,1-99
10/14/2020 12:00:00 AM,12/01/2020 12:00:00 AM,Cyberattack,,,Matson Navigation Company,10363,Unclear/unknown,2991,Business,"1,000-9,999",Unknown,,,false,,false,48,Unknown
10/24/2020 12:00:00 AM,11/20/2020 12:00:00 AM,Cyberattack,10/21/2020 12:00:00 AM,10/25/2020 12:00:00 AM,"Senior Operations, LLC (Senior Aerospace AMT & Damar AeroSystems)",10362,Ransomware,2543,Business,"1,000-9,999",1-99,1,3,true,4,false,27,1-99
08/23/2020 12:00:00 AM,11/18/2020 12:00:00 AM,Cyberattack,07/11/2020 12:00:00 AM,08/23/2020 12:00:00 AM,"Windstream Holdings II, LLC",10361,Unclear/unknown,643,Business,500-999,1-99,0,43,true,43,true,87,1-99
07/24/2020 12:00:00 AM,11/13/2020 12:00:00 AM,Cyberattack,02/07/2020 12:00:00 AM,05/20/2020 12:00:00 AM,Georgia Southern University,10360,Ransomware,552,Education,500-999,100-199,0,168,false,103,false,112,100-199
05/01/2020 12:00:00 AM,11/10/2020 12:00:00 AM,Unauthorized Access,03/02/2020 12:00:00 AM,03/03/2020 12:00:00 AM,Woodruff Sawyer & Co.,10359,,2393,Finance,"1,000-9,999",1-99,0,60,false,1,false,193,1-99
08/19/2020 12:00:00 AM,02/01/2021 12:00:00 AM,Cyberattack,08/06/2020 12:00:00 AM,,Gonzaga University,10357,Phishing,8041,Education,"1,000-9,999",Unknown,,13,false,,false,166,Unknown
11/29/2020 12:00:00 AM,01/29/2021 12:00:00 AM,Cyberattack,05/06/2019 12:00:00 AM,05/15/2019 12:00:00 AM,Grays Harbor Community Hospital,10356,Ransomware,4984,Health,"1,000-9,999",500+,0,573,false,9,false,61,1-99
09/16/2020 12:00:00 AM,11/05/2020 12:00:00 AM,Cyberattack,02/07/2020 12:00:00 AM,05/20/2020 12:00:00 AM,Green America,10355,Ransomware,1127,Non-Profit/Charity,"1,000-9,999",200-299,0,222,false,103,false,50,100-199
07/24/2020 12:00:00 AM,11/04/2020 12:00:00 AM,Unauthorized Access,,,Amtrak,10354,,1208,Business,"1,000-9,999",Unknown,,,false,,false,103,Unknown
08/30/2020 12:00:00 AM,10/29/2020 12:00:00 AM,Cyberattack,,,MK Periodontics and Implants,10353,Ransomware,8000,Health,"1,000-9,999",Unknown,,,false,,false,60,Unknown
07/16/2020 12:00:00 AM,10/29/2020 12:00:00 AM,Cyberattack,02/07/2020 12:00:00 AM,05/20/2020 12:00:00 AM,Feed the Children,10351,Ransomware,21257,Non-Profit/Charity,"10,000-49,999",100-199,0,160,false,103,false,105,100-199
07/06/2020 12:00:00 AM,10/28/2020 12:00:00 AM,Cyberattack,01/01/2020 12:00:00 AM,07/17/2020 12:00:00 AM,"JM Bullion, Inc.",10350,Malware,882,Business,500-999,100-199,11,187,true,198,false,114,100-199
07/28/2020 12:00:00 AM,10/27/2020 12:00:00 AM,Unauthorized Access,02/21/2020 12:00:00 AM,07/28/2020 12:00:00 AM,"TrueFire, LLC",10349,,2633,Business,"1,000-9,999",100-199,0,158,true,158,true,91,100-199
08/28/2020 12:00:00 AM,10/27/2020 12:00:00 AM,Cyberattack,08/09/2020 12:00:00 AM,08/09/2020 12:00:00 AM,Luxottica of America Inc.,10348,Unclear/unknown,12166,Business,"10,000-49,999",1-99,0,19,false,0,false,60,0
05/31/2020 12:00:00 AM,10/27/2020 12:00:00 AM,Cyberattack,,,"Ascend Clinical, LLC",10347,Phishing,1959,Health,"1,000-9,999",Unknown,,,false,,false,149,Unknown
09/27/2020 12:00:00 AM,10/25/2020 12:00:00 AM,Theft or Mistake,09/27/2020 12:00:00 AM,,"Hi-Line Ranch, Harris Farms, Cherry River Farms",10346,,852,Business,500-999,Unknown,,0,false,,false,28,Unknown
09/10/2020 12:00:00 AM,10/22/2020 12:00:00 AM,Cyberattack,02/07/2020 12:00:00 AM,05/20/2020 12:00:00 AM,"University of Nevada, Las Vegas Foundation",10345,Ransomware,2563,Non-Profit/Charity,"1,000-9,999",200-299,0,216,false,103,false,42,100-199
09/24/2020 12:00:00 AM,10/21/2020 12:00:00 AM,Cyberattack,,09/24/2020 12:00:00 AM,Sam's Club,10344,Other,771,Business,500-999,Unknown,0,,true,,true,27,Unknown
07/16/2020 12:00:00 AM,10/21/2020 12:00:00 AM,Cyberattack,02/07/2020 12:00:00 AM,05/20/2020 12:00:00 AM,Carroll College,10343,Ransomware,2166,Education,"1,000-9,999",100-199,0,160,false,103,false,97,100-199
09/18/2020 12:00:00 AM,10/16/2020 12:00:00 AM,Theft or Mistake,09/18/2020 12:00:00 AM,09/18/2020 12:00:00 AM,"Wyndham Capital Mortgage, Inc.",10342,,569,Finance,500-999,0,0,0,true,0,true,28,0
08/31/2020 12:00:00 AM,10/16/2020 12:00:00 AM,Theft or Mistake,08/29/2020 12:00:00 AM,08/30/2020 12:00:00 AM,The Health & Wellness Clinic,10341,,889,Health,500-999,1-99,0,2,false,1,false,46,1-99
09/14/2020 12:00:00 AM,10/15/2020 12:00:00 AM,Cyberattack,02/07/2020 12:00:00 AM,05/20/2020 12:00:00 AM,"University of Nevada, Reno",10340,Ransomware,3361,Education,"1,000-9,999",200-299,0,220,false,103,false,31,100-199
07/16/2020 12:00:00 AM,10/13/2020 12:00:00 AM,Cyberattack,02/07/2020 12:00:00 AM,05/20/2020 12:00:00 AM,Forest Ridge School of the Sacred Heart,10339,Ransomware,555,Education,500-999,100-199,0,160,false,103,false,89,100-199
07/01/2020 12:00:00 AM,10/12/2020 12:00:00 AM,Cyberattack,06/24/2020 12:00:00 AM,07/01/2020 12:00:00 AM,EyeMed Vision Care LLC,10338,Phishing,19625,Health,"10,000-49,999",1-99,0,7,true,7,true,103,1-99
09/14/2020 12:00:00 AM,10/12/2020 12:00:00 AM,Cyberattack,02/07/2020 12:00:00 AM,05/20/2020 12:00:00 AM,ZERO - The End of Prostate Cancer,10335,Ransomware,1139,Non-Profit/Charity,"1,000-9,999",200-299,0,220,false,103,false,28,100-199
09/24/2020 12:00:00 AM,10/12/2020 12:00:00 AM,Cyberattack,09/14/2020 12:00:00 AM,09/24/2020 12:00:00 AM,Evergreen Public Schools,10334,Unclear/unknown,3585,Education,"1,000-9,999",1-99,0,10,true,10,true,18,1-99
09/18/2020 12:00:00 AM,10/06/2020 12:00:00 AM,Unauthorized Access,,,Gymshark Limited,10333,,59769,Business,"50,000-999,999",Unknown,,,false,,false,18,Unknown
08/28/2020 12:00:00 AM,10/02/2020 12:00:00 AM,Cyberattack,02/07/2020 12:00:00 AM,05/20/2020 12:00:00 AM,"Farm Sanctuary, Inc.",10332,Ransomware,1065,Non-Profit/Charity,"1,000-9,999",200-299,0,203,false,103,false,35,100-199
,10/01/2020 12:00:00 AM,Cyberattack,02/07/2020 12:00:00 AM,05/20/2020 12:00:00 AM,Gallaudet University,10331,Ransomware,1195,Education,"1,000-9,999",Unknown,,,false,103,false,,100-199
09/08/2020 12:00:00 AM,09/30/2020 12:00:00 AM,Cyberattack,02/07/2020 12:00:00 AM,05/20/2020 12:00:00 AM,World Relief,10330,Ransomware,734,Non-Profit/Charity,500-999,200-299,0,214,false,103,false,22,100-199
05/01/2020 12:00:00 AM,09/30/2020 12:00:00 AM,Cyberattack,,,"Northwest Eye Surgeons, P.C. and Sight Partners LLC",10329,Ransomware,6809,Health,"1,000-9,999",Unknown,,,false,,false,152,Unknown
08/31/2020 12:00:00 AM,09/30/2020 12:00:00 AM,Cyberattack,02/01/2020 12:00:00 AM,08/31/2020 12:00:00 AM,Made in Oregon,10328,Unclear/unknown,537,Business,500-999,200-299,0,212,true,212,true,30,200-299
07/10/2020 12:00:00 AM,09/29/2020 12:00:00 AM,Unauthorized Access,,,"Spire Hospitality, LLC",10327,,516,Business,500-999,Unknown,,,false,,false,81,Unknown
08/20/2020 12:00:00 AM,09/29/2020 12:00:00 AM,Cyberattack,03/30/2020 12:00:00 AM,05/14/2020 12:00:00 AM,"CBD Industries, LLC",10326,Malware,1088,Business,"1,000-9,999",100-199,0,143,false,45,false,40,1-99
07/16/2020 12:00:00 AM,09/28/2020 12:00:00 AM,Cyberattack,02/07/2020 12:00:00 AM,05/20/2020 12:00:00 AM,Mary's Place,10324,Ransomware,10000,Non-Profit/Charity,"10,000-49,999",100-199,0,160,false,103,false,74,100-199
08/30/2020 12:00:00 AM,09/28/2020 12:00:00 AM,Theft or Mistake,08/30/2020 12:00:00 AM,,5th Avenue Theatre Association,10323,,3468,Non-Profit/Charity,"1,000-9,999",Unknown,,0,false,,false,29,Unknown
09/17/2020 12:00:00 AM,09/25/2020 12:00:00 AM,Cyberattack,07/14/2020 12:00:00 AM,07/19/2020 12:00:00 AM,Bayley Construction,10321,Ransomware,938,Business,500-999,1-99,0,65,false,5,false,8,1-99
07/17/2020 12:00:00 AM,09/23/2020 12:00:00 AM,Cyberattack,02/07/2020 12:00:00 AM,05/20/2020 12:00:00 AM,Point Loma Nazarene University,10320,Ransomware,1967,Education,"1,000-9,999",100-199,0,161,false,103,false,68,100-199
07/30/2020 12:00:00 AM,09/18/2020 12:00:00 AM,Theft or Mistake,07/30/2020 12:00:00 AM,,U.S. Bank,10319,,1292,Finance,"1,000-9,999",Unknown,,0,false,,false,50,Unknown
08/20/2020 12:00:00 AM,09/18/2020 12:00:00 AM,Theft or Mistake,08/20/2020 12:00:00 AM,,St. Hubert's Church,10318,,657,Non-Profit/Charity,500-999,Unknown,,0,false,,false,29,Unknown
07/16/2020 12:00:00 AM,09/18/2020 12:00:00 AM,Cyberattack,02/07/2020 12:00:00 AM,05/20/2020 12:00:00 AM,Minnesota State University Mankato Foundation,10317,Ransomware,1134,Non-Profit/Charity,"1,000-9,999",100-199,0,160,false,103,false,64,100-199
08/20/2020 12:00:00 AM,09/18/2020 12:00:00 AM,Cyberattack,02/07/2020 12:00:00 AM,05/20/2020 12:00:00 AM,Joslin Diabetes Center,10316,Ransomware,1212,Health,"1,000-9,999",100-199,0,195,false,103,false,29,100-199
07/16/2020 12:00:00 AM,09/18/2020 12:00:00 AM,Cyberattack,02/07/2020 12:00:00 AM,05/20/2020 12:00:00 AM,Homeward Pet Adoption Center,10315,Ransomware,36050,Non-Profit/Charity,"10,000-49,999",100-199,0,160,false,103,false,64,100-199
12/21/2020 12:00:00 AM,02/10/2021 12:00:00 AM,Cyberattack,,,"City of Ellensburg, Washington",10314,Ransomware,8523,Government,"1,000-9,999",Unknown,,,false,,false,51,Unknown
08/21/2020 12:00:00 AM,09/18/2020 12:00:00 AM,Cyberattack,04/26/2020 12:00:00 AM,08/03/2020 12:00:00 AM,"FabFitFun, Inc.",10313,Malware,11094,Business,"10,000-49,999",100-199,0,117,false,99,false,28,1-99
07/16/2020 12:00:00 AM,09/18/2020 12:00:00 AM,Cyberattack,02/07/2020 12:00:00 AM,05/20/2020 12:00:00 AM,Ball State University Foundation,10312,Ransomware,755,Non-Profit/Charity,500-999,100-199,0,160,false,103,false,64,100-199
09/09/2020 12:00:00 AM,09/17/2020 12:00:00 AM,Cyberattack,02/07/2020 12:00:00 AM,05/20/2020 12:00:00 AM,Western Washington University Foundation,10311,Ransomware,165000,Education,"50,000-999,999",200-299,0,215,false,103,false,8,100-199
,09/17/2020 12:00:00 AM,Cyberattack,02/07/2020 12:00:00 AM,05/20/2020 12:00:00 AM,Tidewater Community College Education Foundation,10310,Ransomware,1029,Non-Profit/Charity,"1,000-9,999",Unknown,,,false,103,false,,100-199
08/14/2020 12:00:00 AM,09/17/2020 12:00:00 AM,Cyberattack,07/14/2019 12:00:00 AM,06/30/2020 12:00:00 AM,Greenworks Tools,10308,Malware,679,Business,500-999,300-399,0,397,false,352,false,34,300-399
,09/15/2020 12:00:00 AM,Cyberattack,02/07/2020 12:00:00 AM,05/20/2020 12:00:00 AM,American Medical Association Foundation,10307,Ransomware,1369,Non-Profit/Charity,"1,000-9,999",Unknown,,,false,103,false,,100-199
,09/11/2020 12:00:00 AM,Cyberattack,02/07/2020 12:00:00 AM,05/20/2020 12:00:00 AM,YouthCare,10304,Ransomware,3410,Non-Profit/Charity,"1,000-9,999",Unknown,,,false,103,false,,100-199
07/16/2020 12:00:00 AM,09/09/2020 12:00:00 AM,Cyberattack,02/07/2020 12:00:00 AM,05/20/2020 12:00:00 AM,KidsQuest Children's Museum,10303,Ransomware,57024,Non-Profit/Charity,"50,000-999,999",100-199,0,160,false,103,false,55,100-199
08/10/2020 12:00:00 AM,09/09/2020 12:00:00 AM,Cyberattack,02/07/2020 12:00:00 AM,05/20/2020 12:00:00 AM,Inova Health System,10302,Ransomware,2470,Health,"1,000-9,999",100-199,0,185,false,103,false,30,100-199
07/16/2020 12:00:00 AM,09/08/2020 12:00:00 AM,Cyberattack,02/07/2020 12:00:00 AM,05/20/2020 12:00:00 AM,Pacific University Oregon,10301,Ransomware,9196,Education,"1,000-9,999",100-199,0,160,false,103,false,54,100-199
07/16/2020 12:00:00 AM,09/08/2020 12:00:00 AM,Cyberattack,02/07/2020 12:00:00 AM,05/20/2020 12:00:00 AM,Virginia Mason Medical Center,10300,Ransomware,227371,Health,"50,000-999,999",100-199,0,160,false,103,false,54,100-199
08/11/2020 12:00:00 AM,09/08/2020 12:00:00 AM,Cyberattack,02/07/2020 12:00:00 AM,05/20/2020 12:00:00 AM,The University of Notre Dame,10299,Ransomware,3209,Education,"1,000-9,999",100-199,0,186,false,103,false,28,100-199
08/14/2020 12:00:00 AM,09/08/2020 12:00:00 AM,Cyberattack,02/07/2020 12:00:00 AM,05/20/2020 12:00:00 AM,Saybrook University,10298,Ransomware,935,Education,500-999,100-199,0,189,false,103,false,25,100-199
07/16/2020 12:00:00 AM,09/14/2020 12:00:00 AM,Cyberattack,02/07/2020 12:00:00 AM,05/20/2020 12:00:00 AM,"AARP, Inc. & AARP Foundation",10297,Ransomware,248615,Non-Profit/Charity,"50,000-999,999",100-199,0,160,false,103,false,60,100-199
11/17/2019 12:00:00 AM,09/11/2020 12:00:00 AM,Unauthorized Access,11/07/2019 12:00:00 AM,02/03/2020 12:00:00 AM,"CorePower Yoga, LLC",10296,,618,Business,500-999,1-99,78,10,true,88,false,299,1-99
08/11/2020 12:00:00 AM,09/08/2020 12:00:00 AM,Cyberattack,02/07/2020 12:00:00 AM,05/20/2020 12:00:00 AM,NOLS,10295,Ransomware,3049,Non-Profit/Charity,"1,000-9,999",100-199,0,186,false,103,false,28,100-199
08/11/2020 12:00:00 AM,09/08/2020 12:00:00 AM,Cyberattack,02/07/2020 12:00:00 AM,05/20/2020 12:00:00 AM,Florida International University Foundation,10294,Ransomware,922,Education,500-999,100-199,0,186,false,103,false,28,100-199
07/16/2020 12:00:00 AM,09/07/2020 12:00:00 AM,Cyberattack,02/07/2020 12:00:00 AM,05/20/2020 12:00:00 AM,Operation Homefront,10293,Ransomware,5272,Non-Profit/Charity,"1,000-9,999",100-199,0,160,false,103,false,53,100-199
08/05/2020 12:00:00 AM,09/04/2020 12:00:00 AM,Cyberattack,02/07/2020 12:00:00 AM,05/20/2020 12:00:00 AM,Southern Adventist University,10292,Ransomware,1336,Education,"1,000-9,999",100-199,0,180,false,103,false,30,100-199
08/27/2020 12:00:00 AM,09/04/2020 12:00:00 AM,Cyberattack,02/07/2020 12:00:00 AM,05/20/2020 12:00:00 AM,Navy League of the United States,10291,Ransomware,1398,Non-Profit/Charity,"1,000-9,999",200-299,0,202,false,103,false,8,100-199
08/14/2020 12:00:00 AM,09/04/2020 12:00:00 AM,Cyberattack,02/07/2020 12:00:00 AM,05/20/2020 12:00:00 AM,Hydrocephalus Association,10290,Ransomware,835,Non-Profit/Charity,500-999,100-199,0,189,false,103,false,21,100-199
08/05/2020 12:00:00 AM,09/04/2020 12:00:00 AM,Cyberattack,02/07/2020 12:00:00 AM,05/20/2020 12:00:00 AM,Drake University,10289,Ransomware,1050,Education,"1,000-9,999",100-199,0,180,false,103,false,30,100-199
08/05/2020 12:00:00 AM,09/04/2020 12:00:00 AM,Cyberattack,02/07/2020 12:00:00 AM,05/20/2020 12:00:00 AM,Children's Home Society of Washington,10288,Ransomware,564,Non-Profit/Charity,500-999,100-199,0,180,false,103,false,30,100-199
01/15/2020 12:00:00 AM,09/04/2020 12:00:00 AM,Cyberattack,01/05/2020 12:00:00 AM,01/08/2020 12:00:00 AM,"Artech, L.L.C.",10287,Ransomware,1664,Business,"1,000-9,999",1-99,0,10,false,3,false,233,1-99
07/16/2020 12:00:00 AM,09/03/2020 12:00:00 AM,Cyberattack,02/07/2020 12:00:00 AM,05/20/2020 12:00:00 AM,Polycystic Kidney Disease Foundation,10286,Ransomware,8052,Non-Profit/Charity,"1,000-9,999",100-199,0,160,false,103,false,49,100-199
08/21/2020 12:00:00 AM,09/03/2020 12:00:00 AM,Unauthorized Access,07/10/2020 12:00:00 AM,07/10/2020 12:00:00 AM,"Osmose Utilities Services, Inc.",10285,,577,Business,500-999,1-99,0,42,false,0,false,13,0
08/19/2020 12:00:00 AM,09/03/2020 12:00:00 AM,Cyberattack,02/07/2020 12:00:00 AM,05/20/2020 12:00:00 AM,Olympic College Foundation,10284,Ransomware,25583,Non-Profit/Charity,"10,000-49,999",100-199,0,194,false,103,false,15,100-199
07/11/2020 12:00:00 AM,09/03/2020 12:00:00 AM,Cyberattack,06/19/2020 12:00:00 AM,07/11/2020 12:00:00 AM,Live Auctioneers,10283,Malware,38523,Business,"10,000-49,999",1-99,0,22,true,22,true,54,1-99
08/05/2020 12:00:00 AM,09/02/2020 12:00:00 AM,Cyberattack,04/25/2020 12:00:00 AM,08/05/2020 12:00:00 AM,Warner Music Group,10282,Malware,3368,Business,"1,000-9,999",100-199,0,102,true,102,true,28,100-199
07/16/2020 12:00:00 AM,09/02/2020 12:00:00 AM,Cyberattack,02/07/2020 12:00:00 AM,05/20/2020 12:00:00 AM,University of Rhode Island Foundation,10281,Ransomware,500,Non-Profit/Charity,500-999,100-199,0,160,false,103,false,48,100-199
08/11/2020 12:00:00 AM,09/02/2020 12:00:00 AM,Cyberattack,02/07/2020 12:00:00 AM,05/20/2020 12:00:00 AM,University of North Dakota Alumni Association and Foundation,10280,Ransomware,2687,Non-Profit/Charity,"1,000-9,999",100-199,0,186,false,103,false,22,100-199
08/03/2020 12:00:00 AM,09/02/2020 12:00:00 AM,Cyberattack,05/27/2020 12:00:00 AM,08/03/2020 12:00:00 AM,Nutranext,10279,Malware,580,Business,500-999,1-99,0,68,true,68,true,30,1-99
07/16/2020 12:00:00 AM,09/02/2020 12:00:00 AM,Cyberattack,02/07/2020 12:00:00 AM,05/20/2020 12:00:00 AM,Hamline University,10278,Ransomware,1066,Education,"1,000-9,999",100-199,0,160,false,103,false,48,100-199
08/18/2020 12:00:00 AM,09/15/2020 12:00:00 AM,Cyberattack,02/07/2020 12:00:00 AM,05/20/2020 12:00:00 AM,American Heart Association,10277,Ransomware,7658,Non-Profit/Charity,"1,000-9,999",100-199,0,193,false,103,false,28,100-199
07/16/2020 12:00:00 AM,09/14/2020 12:00:00 AM,Cyberattack,02/07/2020 12:00:00 AM,05/20/2020 12:00:00 AM,Jewish Family Service,10276,Ransomware,3204,Non-Profit/Charity,"1,000-9,999",100-199,0,160,false,103,false,60,100-199
08/07/2020 12:00:00 AM,09/14/2020 12:00:00 AM,Cyberattack,02/07/2020 12:00:00 AM,05/20/2020 12:00:00 AM,Children's Cancer Association,10275,Ransomware,1752,Non-Profit/Charity,"1,000-9,999",100-199,0,182,false,103,false,38,100-199
07/16/2020 12:00:00 AM,09/01/2020 12:00:00 AM,Cyberattack,02/07/2020 12:00:00 AM,05/20/2020 12:00:00 AM,"Guide Dogs for the Blind, Inc.",10274,Ransomware,8169,Non-Profit/Charity,"1,000-9,999",100-199,0,160,false,103,false,47,100-199
08/06/2020 12:00:00 AM,08/31/2020 12:00:00 AM,Cyberattack,02/07/2020 12:00:00 AM,05/20/2020 12:00:00 AM,The Open Window School,10273,Ransomware,1929,Education,"1,000-9,999",100-199,0,181,false,103,false,25,100-199
07/16/2020 12:00:00 AM,08/31/2020 12:00:00 AM,Cyberattack,02/07/2020 12:00:00 AM,05/20/2020 12:00:00 AM,Planned Parenthood Los Angeles,10272,Ransomware,1027,Non-Profit/Charity,"1,000-9,999",100-199,0,160,false,103,false,46,100-199
05/19/2020 12:00:00 AM,08/31/2020 12:00:00 AM,Cyberattack,05/15/2020 12:00:00 AM,05/17/2020 12:00:00 AM,Assured Imaging,10271,Ransomware,37702,Health,"10,000-49,999",1-99,0,4,false,2,false,104,1-99
07/16/2020 12:00:00 AM,08/28/2020 12:00:00 AM,Cyberattack,02/07/2020 12:00:00 AM,05/20/2020 12:00:00 AM,University of Alaska Foundation,10269,Ransomware,6586,Non-Profit/Charity,"1,000-9,999",100-199,0,160,false,103,false,43,100-199
07/27/2020 12:00:00 AM,08/28/2020 12:00:00 AM,Cyberattack,06/01/2019 12:00:00 AM,06/17/2020 12:00:00 AM,"AliMed, Inc.",10268,Malware,672,Business,500-999,400-499,0,422,false,382,false,32,300-399
07/16/2020 12:00:00 AM,08/27/2020 12:00:00 AM,Cyberattack,02/07/2020 12:00:00 AM,05/20/2020 12:00:00 AM,University of Puget Sound,10267,Ransomware,1429,Education,"1,000-9,999",100-199,0,160,false,103,false,42,100-199
07/16/2020 12:00:00 AM,08/27/2020 12:00:00 AM,Cyberattack,02/07/2020 12:00:00 AM,05/20/2020 12:00:00 AM,"The Omicron Delta Kappa Society and Educational Foundation, Inc.",10266,Ransomware,1753,Non-Profit/Charity,"1,000-9,999",100-199,0,160,false,103,false,42,100-199
07/27/2020 12:00:00 AM,08/26/2020 12:00:00 AM,Cyberattack,10/01/2019 12:00:00 AM,04/08/2020 12:00:00 AM,"Stericycle, Inc.",10265,Malware,1284,Business,"1,000-9,999",300-399,0,300,false,190,false,30,100-199
01/12/2020 12:00:00 AM,08/25/2020 12:00:00 AM,Cyberattack,,,Westcor Land Title Insurance Company,10264,Malware,979,Finance,500-999,Unknown,,,false,,false,226,Unknown
07/16/2020 12:00:00 AM,08/24/2020 12:00:00 AM,Cyberattack,02/07/2020 12:00:00 AM,05/20/2020 12:00:00 AM,Southern New Hampshire University,10263,Ransomware,1826,Education,"1,000-9,999",100-199,0,160,false,103,false,39,100-199
07/16/2020 12:00:00 AM,08/24/2020 12:00:00 AM,Cyberattack,02/07/2020 12:00:00 AM,05/20/2020 12:00:00 AM,Planned Parenthood of the Great Northwest and the Hawaiian Islands,10262,Ransomware,60813,Non-Profit/Charity,"50,000-999,999",100-199,0,160,false,103,false,39,100-199
07/16/2020 12:00:00 AM,08/21/2020 12:00:00 AM,Cyberattack,02/07/2020 12:00:00 AM,05/20/2020 12:00:00 AM,West Virginia University Foundation,10261,Ransomware,1015,Non-Profit/Charity,"1,000-9,999",100-199,0,160,false,103,false,36,100-199
07/16/2020 12:00:00 AM,08/21/2020 12:00:00 AM,Cyberattack,02/07/2020 12:00:00 AM,05/20/2020 12:00:00 AM,National Parks Conservation Association,10260,Ransomware,12640,Non-Profit/Charity,"10,000-49,999",100-199,0,160,false,103,false,36,100-199
07/16/2020 12:00:00 AM,08/21/2020 12:00:00 AM,Cyberattack,02/07/2020 12:00:00 AM,05/20/2020 12:00:00 AM,MultiCare Health System,10259,Ransomware,302769,Health,"50,000-999,999",100-199,0,160,false,103,false,36,100-199
07/16/2020 12:00:00 AM,08/21/2020 12:00:00 AM,Cyberattack,02/07/2020 12:00:00 AM,05/20/2020 12:00:00 AM,Heifer Project International,10257,Ransomware,120041,Non-Profit/Charity,"50,000-999,999",100-199,0,160,false,103,false,36,100-199
04/06/2020 12:00:00 AM,08/21/2020 12:00:00 AM,Cyberattack,04/06/2020 12:00:00 AM,04/06/2020 12:00:00 AM,"Cetera Financial Group, Inc.",10256,Unclear/unknown,2760,Finance,"1,000-9,999",0,0,0,true,0,true,137,0
07/16/2020 12:00:00 AM,08/21/2020 12:00:00 AM,Cyberattack,02/07/2020 12:00:00 AM,05/20/2020 12:00:00 AM,Boy Scouts of America,10255,Ransomware,981068,Non-Profit/Charity,"50,000-999,999",100-199,0,160,false,103,false,36,100-199
07/16/2020 12:00:00 AM,08/20/2020 12:00:00 AM,Cyberattack,02/07/2020 12:00:00 AM,05/20/2020 12:00:00 AM,UWM-Foundation,10254,Ransomware,1357,Non-Profit/Charity,"1,000-9,999",100-199,0,160,false,103,false,35,100-199
07/01/2020 12:00:00 AM,08/20/2020 12:00:00 AM,Unauthorized Access,06/23/2020 12:00:00 AM,07/01/2020 12:00:00 AM,"Dave, Inc.",10253,,40998,Business,"10,000-49,999",1-99,0,8,true,8,true,50,1-99
07/16/2020 12:00:00 AM,08/19/2020 12:00:00 AM,Cyberattack,02/07/2020 12:00:00 AM,05/20/2020 12:00:00 AM,Ronald McDonald House Charities,10252,Ransomware,911,Non-Profit/Charity,500-999,100-199,0,160,false,103,false,34,100-199
07/16/2020 12:00:00 AM,08/19/2020 12:00:00 AM,Cyberattack,02/07/2020 12:00:00 AM,05/20/2020 12:00:00 AM,California Lutheran University,10251,Ransomware,3549,Education,"1,000-9,999",100-199,0,160,false,103,false,34,100-199
07/13/2020 12:00:00 AM,08/19/2020 12:00:00 AM,Cyberattack,05/13/2020 12:00:00 AM,07/13/2020 12:00:00 AM,American Payroll Association,10250,Malware,548,Business,500-999,1-99,0,61,true,61,true,37,1-99
07/16/2020 12:00:00 AM,08/18/2020 12:00:00 AM,Cyberattack,02/07/2020 12:00:00 AM,05/20/2020 12:00:00 AM,University of South Carolina,10249,Ransomware,1165,Education,"1,000-9,999",100-199,0,160,false,103,false,33,100-199
07/16/2020 12:00:00 AM,08/17/2020 12:00:00 AM,Cyberattack,02/07/2020 12:00:00 AM,05/20/2020 12:00:00 AM,Washington State University Foundation,10248,Ransomware,334219,Non-Profit/Charity,"50,000-999,999",100-199,0,160,false,103,false,32,100-199
07/17/2020 12:00:00 AM,08/17/2020 12:00:00 AM,Cyberattack,02/07/2020 12:00:00 AM,05/20/2020 12:00:00 AM,Phi Kappa Psi Fraternity,10247,Ransomware,677,Finance,500-999,100-199,0,161,false,103,false,31,100-199
05/20/2020 12:00:00 AM,08/17/2020 12:00:00 AM,Cyberattack,01/27/2020 12:00:00 AM,,"Mammoth Media, Inc.",10246,Unclear/unknown,,Business,Unknown,Unknown,,114,false,,false,89,Unknown
07/16/2020 12:00:00 AM,08/17/2020 12:00:00 AM,Cyberattack,02/07/2020 12:00:00 AM,05/20/2020 12:00:00 AM,Gonzaga Preparatory School,10245,Ransomware,5000,Education,"1,000-9,999",100-199,0,160,false,103,false,32,100-199
07/16/2020 12:00:00 AM,08/17/2020 12:00:00 AM,Cyberattack,02/07/2020 12:00:00 AM,05/20/2020 12:00:00 AM,Colby College,10244,Ransomware,606,Education,500-999,100-199,0,160,false,103,false,32,100-199
07/16/2020 12:00:00 AM,08/16/2020 12:00:00 AM,Cyberattack,02/07/2020 12:00:00 AM,05/20/2020 12:00:00 AM,Excelsior College,10243,Ransomware,4069,Education,"1,000-9,999",100-199,0,160,false,103,false,31,100-199
03/17/2016 12:00:00 AM,11/11/2016 12:00:00 AM,Cyberattack,,,Charles Schwab,9653,Other,975,Finance,500-999,Unknown,,,false,,false,239,Unknown
10/09/2015 12:00:00 AM,10/28/2015 12:00:00 AM,Cyberattack,04/19/2015 12:00:00 AM,09/30/2015 12:00:00 AM,"Digital Theatre, LLC",9595,Malware,3230,Business,"1,000-9,999",100-199,0,173,false,164,false,19,100-199
06/18/2015 12:00:00 AM,10/13/2015 12:00:00 AM,Cyberattack,03/24/2015 12:00:00 AM,05/20/2015 12:00:00 AM,"Service Systems Associates, Inc.",9594,Malware,,Business,Unknown,1-99,0,86,false,57,false,117,1-99
09/21/2015 12:00:00 AM,10/01/2015 12:00:00 AM,Unauthorized Access,09/15/2015 12:00:00 AM,,T-Mobile USA/Experian,9591,,328889,Business,"50,000-999,999",Unknown,,6,false,,false,10,Unknown
,09/29/2015 12:00:00 AM,Unauthorized Access,08/20/2014 12:00:00 AM,07/14/2015 12:00:00 AM,Rite Aid Corporation,9589,,2721,Business,"1,000-9,999",Unknown,,,false,328,false,,300-399
08/23/2015 12:00:00 AM,09/26/2015 12:00:00 AM,Theft or Mistake,08/23/2015 12:00:00 AM,,"Sterbick & Associates, P.S.",9588,,500,Business,500-999,Unknown,,0,false,,false,34,Unknown
07/17/2015 12:00:00 AM,09/22/2015 12:00:00 AM,Unauthorized Access,06/19/2014 12:00:00 AM,07/15/2015 12:00:00 AM,Costco,9587,,29425,Business,"10,000-49,999",300-399,0,393,false,391,false,67,300-399
08/05/2015 12:00:00 AM,09/09/2015 12:00:00 AM,Cyberattack,12/23/2013 12:00:00 AM,,The Lifetime Healthcare Companies,9585,Unclear/unknown,,Health,Unknown,Unknown,,590,false,,false,35,Unknown
08/13/2015 12:00:00 AM,08/18/2015 12:00:00 AM,Cyberattack,,,Web.com Group,9583,Unclear/unknown,1595,Business,"1,000-9,999",Unknown,,,false,,false,5,Unknown
05/30/2015 12:00:00 AM,08/11/2015 12:00:00 AM,Theft or Mistake,05/29/2015 12:00:00 AM,05/29/2015 12:00:00 AM,Sterling BackCheck,9582,,1419,Business,"1,000-9,999",1-99,0,1,false,0,false,73,0
05/11/2018 12:00:00 AM,07/12/2018 12:00:00 AM,Cyberattack,05/11/2018 12:00:00 AM,,Overlake Arthritis and Osteoporosis Center,9581,Malware,627,Health,500-999,Unknown,,0,false,,false,62,Unknown
04/11/2018 12:00:00 AM,07/06/2018 12:00:00 AM,Cyberattack,,,International Mission Board,9579,Unclear/unknown,992,Non-Profit/Charity,500-999,Unknown,,,false,,false,86,Unknown
06/11/2018 12:00:00 AM,07/01/2018 12:00:00 AM,Cyberattack,04/26/2018 12:00:00 AM,06/12/2018 12:00:00 AM,"Macy's, Inc.",9578,Unclear/unknown,3564,Business,"1,000-9,999",1-99,1,46,true,47,false,20,1-99
06/20/2018 12:00:00 AM,06/29/2018 12:00:00 AM,Unauthorized Access,,,Northwest University,9577,,1434,Education,"1,000-9,999",Unknown,,,false,,false,9,Unknown
05/01/2018 12:00:00 AM,06/23/2018 12:00:00 AM,Cyberattack,05/01/2018 12:00:00 AM,05/01/2018 12:00:00 AM,"Terteling Company, Inc.",9576,Phishing,941,Business,500-999,0,0,0,true,0,true,53,0
05/11/2018 12:00:00 AM,05/18/2018 12:00:00 AM,Cyberattack,03/01/2018 12:00:00 AM,04/01/2018 12:00:00 AM,Brinker International (Chilis),9574,Malware,,Business,Unknown,1-99,0,71,false,31,false,7,1-99
04/05/2018 12:00:00 AM,05/17/2018 12:00:00 AM,Cyberattack,11/25/2017 12:00:00 AM,11/25/2017 12:00:00 AM,Corporation Service Company,9573,Unclear/unknown,4631,Business,"1,000-9,999",100-199,0,131,false,0,false,42,0
04/12/2018 12:00:00 AM,05/09/2018 12:00:00 AM,Unauthorized Access,,,"TaskRabbit, Inc.",9572,,77618,Business,"50,000-999,999",Unknown,,,false,,false,27,Unknown
04/21/2018 12:00:00 AM,05/09/2018 12:00:00 AM,Theft or Mistake,,,H&R Block,9571,,2655,Finance,"1,000-9,999",Unknown,,,false,,false,18,Unknown
02/01/2018 12:00:00 AM,05/08/2018 12:00:00 AM,Theft or Mistake,12/31/2017 12:00:00 AM,01/31/2018 12:00:00 AM,Global University,9570,,5679,Education,"1,000-9,999",1-99,0,32,false,31,false,96,1-99
03/19/2018 12:00:00 AM,05/03/2018 12:00:00 AM,Cyberattack,10/01/2017 12:00:00 AM,12/22/2017 12:00:00 AM,Alaska Airlines,9569,Unclear/unknown,1442,Business,"1,000-9,999",100-199,0,169,false,82,false,45,1-99
02/16/2018 12:00:00 AM,04/30/2018 12:00:00 AM,Cyberattack,11/29/2017 12:00:00 AM,02/16/2018 12:00:00 AM,Rail Europe North America,9567,Unclear/unknown,687,Business,500-999,1-99,0,79,true,79,true,73,1-99
03/29/2018 12:00:00 AM,04/26/2018 12:00:00 AM,Cyberattack,07/01/2017 12:00:00 AM,03/31/2018 12:00:00 AM,Hudson's Bay Company,9566,Malware,,Business,Unknown,200-299,2,271,true,273,false,28,200-299
03/15/2018 12:00:00 AM,04/24/2018 12:00:00 AM,Cyberattack,09/27/2017 12:00:00 AM,10/12/2017 12:00:00 AM,Sears Holdings,9565,Malware,2373,Business,"1,000-9,999",100-199,0,169,false,15,false,40,1-99
03/14/2018 12:00:00 AM,04/13/2018 12:00:00 AM,Unauthorized Access,,,Inogen Inc.,9563,,518,Health,500-999,Unknown,,,false,,false,30,Unknown
03/28/2018 12:00:00 AM,04/13/2018 12:00:00 AM,Cyberattack,09/26/2017 12:00:00 AM,10/12/2017 12:00:00 AM,"Best Buy Co, Inc.",9562,Malware,8390,Business,"1,000-9,999",100-199,0,183,false,16,false,16,1-99
03/28/2018 12:00:00 AM,04/11/2018 12:00:00 AM,Cyberattack,09/26/2017 12:00:00 AM,10/12/2017 12:00:00 AM,Delta Airlines,9561,Malware,24563,Business,"10,000-49,999",100-199,0,183,false,16,false,14,1-99
07/16/2020 12:00:00 AM,08/14/2020 12:00:00 AM,Cyberattack,02/07/2020 12:00:00 AM,05/20/2020 12:00:00 AM,University of Minnesota Foundation,10241,Ransomware,6460,Non-Profit/Charity,"1,000-9,999",100-199,0,160,false,103,false,29,100-199
07/16/2020 12:00:00 AM,08/14/2020 12:00:00 AM,Cyberattack,02/07/2020 12:00:00 AM,05/20/2020 12:00:00 AM,St. Joseph School,10239,Ransomware,5142,Education,"1,000-9,999",100-199,0,160,false,103,false,29,100-199
07/16/2020 12:00:00 AM,08/14/2020 12:00:00 AM,Cyberattack,02/07/2020 12:00:00 AM,05/20/2020 12:00:00 AM,ShelterBox USA,10238,Ransomware,778,Non-Profit/Charity,500-999,100-199,0,160,false,103,false,29,100-199
07/16/2020 12:00:00 AM,08/14/2020 12:00:00 AM,Cyberattack,02/07/2020 12:00:00 AM,05/20/2020 12:00:00 AM,Save the Children,10237,Ransomware,47465,Non-Profit/Charity,"10,000-49,999",100-199,0,160,false,103,false,29,100-199
07/16/2020 12:00:00 AM,08/14/2020 12:00:00 AM,Cyberattack,02/07/2020 12:00:00 AM,05/20/2020 12:00:00 AM,Portland Community College Foundation,10236,Ransomware,17908,Non-Profit/Charity,"10,000-49,999",100-199,0,160,false,103,false,29,100-199
07/16/2020 12:00:00 AM,08/14/2020 12:00:00 AM,Cyberattack,02/07/2020 12:00:00 AM,05/20/2020 12:00:00 AM,"Planned Parenthood of the Columbia Willamette, Inc.",10235,Ransomware,2866,Non-Profit/Charity,"1,000-9,999",100-199,0,160,false,103,false,29,100-199
07/16/2020 12:00:00 AM,08/14/2020 12:00:00 AM,Cyberattack,02/07/2020 12:00:00 AM,05/20/2020 12:00:00 AM,Metropolitan State University Denver Foundation,10234,Ransomware,1235,Non-Profit/Charity,"1,000-9,999",100-199,0,160,false,103,false,29,100-199
07/16/2020 12:00:00 AM,08/14/2020 12:00:00 AM,Cyberattack,02/07/2020 12:00:00 AM,05/20/2020 12:00:00 AM,March of Dimes,10233,Ransomware,446097,Non-Profit/Charity,"50,000-999,999",100-199,0,160,false,103,false,29,100-199
07/20/2020 12:00:00 AM,08/14/2020 12:00:00 AM,Cyberattack,07/15/2019 12:00:00 AM,07/10/2020 12:00:00 AM,"Filters Fast, LLC",10232,Malware,6584,Business,"1,000-9,999",300-399,0,371,false,361,false,25,300-399
07/16/2020 12:00:00 AM,08/14/2020 12:00:00 AM,Cyberattack,02/07/2020 12:00:00 AM,05/20/2020 12:00:00 AM,EMILY's List,10231,Ransomware,9325,Business,"1,000-9,999",100-199,0,160,false,103,false,29,100-199
07/16/2020 12:00:00 AM,08/14/2020 12:00:00 AM,Cyberattack,02/07/2020 12:00:00 AM,05/20/2020 12:00:00 AM,Denver Dumb Friends League,10230,Ransomware,655,Non-Profit/Charity,500-999,100-199,0,160,false,103,false,29,100-199
07/16/2020 12:00:00 AM,08/14/2020 12:00:00 AM,Cyberattack,02/07/2020 12:00:00 AM,05/20/2020 12:00:00 AM,Confluence Health Foundation,10229,Ransomware,1132,Health,"1,000-9,999",100-199,0,160,false,103,false,29,100-199
07/16/2020 12:00:00 AM,08/14/2020 12:00:00 AM,Cyberattack,02/07/2020 12:00:00 AM,05/20/2020 12:00:00 AM,Boston University,10228,Ransomware,7067,Education,"1,000-9,999",100-199,0,160,false,103,false,29,100-199
07/16/2020 12:00:00 AM,08/14/2020 12:00:00 AM,Cyberattack,02/07/2020 12:00:00 AM,05/20/2020 12:00:00 AM,Bishop Blanchet High School,10227,Ransomware,3162,Education,"1,000-9,999",100-199,0,160,false,103,false,29,100-199
07/16/2020 12:00:00 AM,08/14/2020 12:00:00 AM,Cyberattack,02/07/2020 12:00:00 AM,05/20/2020 12:00:00 AM,Assumption St. Bridget School,10226,Ransomware,769,Education,500-999,100-199,0,160,false,103,false,29,100-199
07/16/2020 12:00:00 AM,08/14/2020 12:00:00 AM,Cyberattack,02/07/2020 12:00:00 AM,05/20/2020 12:00:00 AM,"American Civil Liberties Union, Inc.",10225,Ransomware,86269,Non-Profit/Charity,"50,000-999,999",100-199,0,160,false,103,false,29,100-199
07/16/2020 12:00:00 AM,08/13/2020 12:00:00 AM,Cyberattack,02/07/2020 12:00:00 AM,05/20/2020 12:00:00 AM,"Hearing, Speech & Deaf Center",10224,Ransomware,8441,Non-Profit/Charity,"1,000-9,999",100-199,0,160,false,103,false,28,100-199
07/16/2020 12:00:00 AM,08/12/2020 12:00:00 AM,Cyberattack,02/07/2020 12:00:00 AM,05/20/2020 12:00:00 AM,The University of Florida,10223,Ransomware,5075,Education,"1,000-9,999",100-199,0,160,false,103,false,27,100-199
07/16/2020 12:00:00 AM,08/11/2020 12:00:00 AM,Cyberattack,02/07/2020 12:00:00 AM,05/20/2020 12:00:00 AM,The Evergreen State College Foundation,10222,Ransomware,40549,Non-Profit/Charity,"10,000-49,999",100-199,0,160,false,103,false,26,100-199
07/16/2020 12:00:00 AM,08/12/2020 12:00:00 AM,Cyberattack,02/07/2020 12:00:00 AM,05/20/2020 12:00:00 AM,Northeastern University,10219,Ransomware,2602,Education,"1,000-9,999",100-199,0,160,false,103,false,27,100-199
07/16/2020 12:00:00 AM,08/12/2020 12:00:00 AM,Cyberattack,02/07/2020 12:00:00 AM,05/20/2020 12:00:00 AM,Mt. Baker Planned Parenthood,10218,Ransomware,2367,Non-Profit/Charity,"1,000-9,999",100-199,0,160,false,103,false,27,100-199
07/16/2020 12:00:00 AM,08/10/2020 12:00:00 AM,Cyberattack,02/07/2020 12:00:00 AM,05/20/2020 12:00:00 AM,Wisconsin Evangelical Lutheran Synod,10216,Ransomware,867,Non-Profit/Charity,500-999,100-199,0,160,false,103,false,25,100-199
07/16/2020 12:00:00 AM,08/10/2020 12:00:00 AM,Cyberattack,02/07/2020 12:00:00 AM,05/20/2020 12:00:00 AM,Heritage University,10215,Ransomware,7803,Education,"1,000-9,999",100-199,0,160,false,103,false,25,100-199
05/16/2020 12:00:00 AM,08/10/2020 12:00:00 AM,Cyberattack,05/16/2020 12:00:00 AM,05/16/2020 12:00:00 AM,"Dynasplint Systems, Inc.",10214,Ransomware,1364,Business,"1,000-9,999",0,0,0,true,0,true,86,0
07/16/2020 12:00:00 AM,08/09/2020 12:00:00 AM,Cyberattack,02/07/2020 12:00:00 AM,05/20/2020 12:00:00 AM,Planned Parenthood of the Rocky Mountains,10213,Ransomware,526,Health,500-999,100-199,0,160,false,103,false,24,100-199
07/16/2020 12:00:00 AM,08/07/2020 12:00:00 AM,Cyberattack,02/07/2020 12:00:00 AM,05/20/2020 12:00:00 AM,Pacific Northwest University of Health Sciences,10212,Ransomware,1122,Education,"1,000-9,999",100-199,0,160,false,103,false,22,100-199
07/16/2020 12:00:00 AM,08/05/2020 12:00:00 AM,Cyberattack,02/07/2020 12:00:00 AM,05/20/2020 12:00:00 AM,Cancer Research Institute,10211,Ransomware,1312,Non-Profit/Charity,"1,000-9,999",100-199,0,160,false,103,false,20,100-199
04/28/2020 12:00:00 AM,08/04/2020 12:00:00 AM,Unauthorized Access,,,"Scholarship America, Inc.",10210,,2620,Non-Profit/Charity,"1,000-9,999",Unknown,,,false,,false,98,Unknown
07/02/2020 12:00:00 AM,08/03/2020 12:00:00 AM,Cyberattack,11/22/2019 12:00:00 AM,02/12/2020 12:00:00 AM,"Würkforce, Inc.",10209,Unclear/unknown,527,Business,500-999,200-299,0,223,false,82,false,32,1-99
07/16/2020 12:00:00 AM,08/03/2020 12:00:00 AM,Cyberattack,02/07/2020 12:00:00 AM,05/20/2020 12:00:00 AM,"Americares Foundation, Inc.",10208,Ransomware,2444,Non-Profit/Charity,"1,000-9,999",100-199,0,160,false,103,false,18,100-199
07/16/2020 12:00:00 AM,07/31/2020 12:00:00 AM,Cyberattack,02/07/2020 12:00:00 AM,05/20/2020 12:00:00 AM,George W. Bush Presidential Center,10207,Ransomware,6797,Non-Profit/Charity,"1,000-9,999",100-199,0,160,false,103,false,15,100-199
07/16/2020 12:00:00 AM,07/31/2020 12:00:00 AM,Cyberattack,02/07/2020 12:00:00 AM,05/20/2020 12:00:00 AM,Auburn University,10206,Ransomware,1294,Education,"1,000-9,999",100-199,0,160,false,103,false,15,100-199
01/05/2020 12:00:00 AM,07/28/2020 12:00:00 AM,Theft or Mistake,01/18/2016 12:00:00 AM,01/08/2020 12:00:00 AM,"Front Rush, LLC",10205,,1982,Business,"1,000-9,999",500+,3,1448,true,1451,false,205,500+
07/16/2020 12:00:00 AM,07/28/2020 12:00:00 AM,Cyberattack,02/07/2020 12:00:00 AM,05/20/2020 12:00:00 AM,French American School of Puget Sound,10204,Ransomware,3172,Education,"1,000-9,999",100-199,0,160,false,103,false,12,100-199
06/01/2020 12:00:00 AM,07/27/2020 12:00:00 AM,Cyberattack,,,CK-12 Foundation,10203,Unclear/unknown,5017,Non-Profit/Charity,"1,000-9,999",Unknown,,,false,,false,56,Unknown
06/25/2020 12:00:00 AM,07/24/2020 12:00:00 AM,Unauthorized Access,07/26/2019 12:00:00 AM,11/18/2019 12:00:00 AM,Ply Gem Residential Solutions,10202,,2841,Business,"1,000-9,999",300-399,0,335,false,115,false,29,100-199
09/18/2019 12:00:00 AM,07/24/2020 12:00:00 AM,Theft or Mistake,09/18/2019 12:00:00 AM,09/18/2019 12:00:00 AM,Entercom Communications Corp.,10201,,2730,Business,"1,000-9,999",0,0,0,true,0,true,310,0
06/26/2020 12:00:00 AM,07/24/2020 12:00:00 AM,Cyberattack,,,City of Redmond,10200,Unclear/unknown,2851,Government,"1,000-9,999",Unknown,,,false,,false,28,Unknown
08/10/2020 12:00:00 AM,08/24/2020 12:00:00 AM,Unauthorized Access,,,Arbiter Sports,10199,,16465,Business,"10,000-49,999",Unknown,,,false,,false,14,Unknown
09/07/2020 12:00:00 AM,12/30/2020 12:00:00 AM,Cyberattack,07/01/2018 12:00:00 AM,,Zoetop Business Co. Ltd.,10195,Unclear/unknown,148785,Business,"50,000-999,999",Unknown,,799,false,,false,114,Unknown
06/29/2020 12:00:00 AM,12/30/2020 12:00:00 AM,Cyberattack,06/04/2020 12:00:00 AM,07/10/2020 12:00:00 AM,International Union of Bricklayers and Allied Craftworkers,10193,Phishing,1053,Non-Profit/Charity,"1,000-9,999",1-99,11,25,true,36,false,184,1-99
07/16/2020 12:00:00 AM,09/14/2020 12:00:00 AM,Cyberattack,09/24/2019 12:00:00 AM,11/14/2019 12:00:00 AM,Baylor Genetics,10192,Phishing,804,Health,500-999,200-299,0,296,false,51,false,60,1-99
08/15/2020 12:00:00 AM,01/14/2021 12:00:00 AM,Cyberattack,,,National Western Life Insurance Company,10176,Malware,15556,Finance,"10,000-49,999",Unknown,,,false,,false,152,Unknown
03/10/2021 12:00:00 AM,05/03/2021 12:00:00 AM,Cyberattack,12/01/2020 12:00:00 AM,03/08/2021 12:00:00 AM,"Divvy Up, Inc.",10174,Malware,1012,Business,"1,000-9,999",1-99,0,99,false,97,false,54,1-99
10/08/2020 12:00:00 AM,07/23/2021 12:00:00 AM,Cyberattack,04/05/2018 12:00:00 AM,03/27/2021 12:00:00 AM,Savory Spice,10172,Malware,2785,Business,"1,000-9,999",500+,170,917,true,1087,false,288,500+
02/25/2018 12:00:00 AM,03/27/2018 12:00:00 AM,Cyberattack,02/25/2018 12:00:00 AM,02/25/2018 12:00:00 AM,Manduka,9775,Malware,1634,Business,"1,000-9,999",0,0,0,true,0,true,30,0
03/01/2018 12:00:00 AM,03/20/2018 12:00:00 AM,Cyberattack,10/01/2017 12:00:00 AM,12/22/2017 12:00:00 AM,Orbitz,9773,Unclear/unknown,5013,Business,"1,000-9,999",100-199,0,151,false,82,false,19,1-99
,03/19/2018 12:00:00 AM,Cyberattack,05/15/2017 12:00:00 AM,01/30/2018 12:00:00 AM,"Bronson Nutritionals, LLC",9772,Malware,774,Business,500-999,Unknown,,,false,260,false,,200-299
02/15/2018 12:00:00 AM,03/15/2018 12:00:00 AM,Theft or Mistake,,,"Parker Staffing Services, LLC",9771,,,Business,Unknown,Unknown,,,false,,false,28,Unknown
08/01/2017 12:00:00 AM,03/08/2018 12:00:00 AM,Cyberattack,,,ABM Industries Incorporated,9770,Phishing,1100,Business,"1,000-9,999",Unknown,,,false,,false,219,Unknown
02/14/2018 12:00:00 AM,03/02/2018 12:00:00 AM,Cyberattack,06/01/2016 12:00:00 AM,11/30/2017 12:00:00 AM,Preferred Hotels & Resorts,9769,Malware,21687,Business,"10,000-49,999",500+,0,623,false,547,false,16,500+
11/02/2017 12:00:00 AM,02/27/2018 12:00:00 AM,Unauthorized Access,08/14/2017 12:00:00 AM,08/18/2017 12:00:00 AM,FastHealth Corporation,9768,,2876,Health,"1,000-9,999",1-99,0,80,false,4,false,117,1-99
01/10/2018 12:00:00 AM,02/23/2018 12:00:00 AM,Unauthorized Access,01/20/2017 12:00:00 AM,01/29/2018 12:00:00 AM,North 40 Outfitters,9767,,2671,Business,"1,000-9,999",300-399,19,355,true,374,false,44,300-399
12/22/2017 12:00:00 AM,02/05/2018 12:00:00 AM,Theft or Mistake,12/22/2017 12:00:00 AM,12/22/2017 12:00:00 AM,"PAR Electrical Contractors, Inc.",9766,,768,Business,500-999,0,0,0,true,0,true,45,0
01/31/2018 12:00:00 AM,02/01/2018 12:00:00 AM,Cyberattack,01/30/2018 12:00:00 AM,01/30/2018 12:00:00 AM,North Beach School District,9765,Phishing,,Education,Unknown,1-99,0,1,false,0,false,1,0
11/30/2017 12:00:00 AM,01/25/2018 12:00:00 AM,Theft or Mistake,11/30/2017 12:00:00 AM,11/30/2017 12:00:00 AM,Zachary E. Adkins DDS,9764,,,Health,Unknown,0,0,0,true,0,true,56,0
09/13/2017 12:00:00 AM,01/12/2018 12:00:00 AM,Cyberattack,06/09/2017 12:00:00 AM,10/02/2017 12:00:00 AM,"Guarenteed Rate, Inc.",9762,Phishing,2545,Finance,"1,000-9,999",100-199,19,96,true,115,false,121,100-199
12/22/2017 12:00:00 AM,01/11/2018 12:00:00 AM,Cyberattack,06/08/2017 12:00:00 AM,12/22/2017 12:00:00 AM,"Deli Management, Inc. (Jason's Deli)",9761,Malware,,Business,Unknown,100-199,0,197,true,197,true,20,100-199
11/29/2017 12:00:00 AM,01/10/2018 12:00:00 AM,Unauthorized Access,,,"talentReef, Inc.",9760,,604,Business,500-999,Unknown,,,false,,false,42,Unknown
12/05/2017 12:00:00 AM,01/02/2018 12:00:00 AM,Unauthorized Access,12/02/2017 12:00:00 AM,12/02/2017 12:00:00 AM,Multnomah Athletic Club,9759,,661,Business,500-999,1-99,0,3,false,0,false,28,0
10/01/2017 12:00:00 AM,12/28/2017 12:00:00 AM,Cyberattack,04/03/2017 12:00:00 AM,11/18/2017 12:00:00 AM,"Forever 21, Inc.",9758,Malware,,Business,Unknown,200-299,48,181,true,229,false,88,200-299
11/10/2017 12:00:00 AM,12/22/2017 12:00:00 AM,Unauthorized Access,,,"TIO Networks USA, Inc.",9757,,1962,Finance,"1,000-9,999",Unknown,,,false,,false,42,Unknown
12/11/2017 12:00:00 AM,12/22/2017 12:00:00 AM,Unauthorized Access,04/25/2017 12:00:00 AM,,"LiveGlam, Inc.",9756,,600,Business,500-999,Unknown,,230,false,,false,11,Unknown
10/06/2017 12:00:00 AM,12/11/2017 12:00:00 AM,Cyberattack,07/01/2015 12:00:00 AM,10/06/2017 12:00:00 AM,"Combat Brands, LLC",9755,Malware,956,Business,500-999,500+,0,828,true,828,true,66,500+
09/06/2017 12:00:00 AM,12/01/2017 12:00:00 AM,Unauthorized Access,06/15/2016 12:00:00 AM,11/06/2017 12:00:00 AM,JAM Paper & Envelope,9754,,590,Business,500-999,500+,61,448,true,509,false,86,500+
,11/27/2017 12:00:00 AM,Cyberattack,10/26/2016 12:00:00 AM,10/19/2017 12:00:00 AM,"Bulletproof 360, Inc.",9753,Malware,4077,Business,"1,000-9,999",Unknown,,,false,358,false,,300-399
11/15/2016 12:00:00 AM,11/21/2017 12:00:00 AM,Cyberattack,10/13/2016 12:00:00 AM,11/15/2016 12:00:00 AM,"Uber Technologies, Inc.",9752,Unclear/unknown,10888,Business,"10,000-49,999",1-99,0,33,true,33,true,371,1-99
09/20/2017 12:00:00 AM,11/15/2017 12:00:00 AM,Theft or Mistake,09/20/2017 12:00:00 AM,09/20/2017 12:00:00 AM,Western State Hospital,9750,,515,Health,500-999,0,0,0,true,0,true,56,0
09/07/2017 12:00:00 AM,11/03/2017 12:00:00 AM,Cyberattack,09/07/2017 12:00:00 AM,09/07/2017 12:00:00 AM,"Tween Brands, Inc.",9748,Other,2477,Business,"1,000-9,999",0,0,0,true,0,true,57,0
09/27/2017 12:00:00 AM,10/30/2017 12:00:00 AM,Unauthorized Access,09/27/2017 12:00:00 AM,09/27/2017 12:00:00 AM,HumanGood,9747,,642,Non-Profit/Charity,500-999,0,0,0,true,0,true,33,0
09/23/2017 12:00:00 AM,10/20/2017 12:00:00 AM,Cyberattack,03/10/2017 12:00:00 AM,09/28/2017 12:00:00 AM,"Whole Foods Market Services, Inc.",9746,Malware,,Business,Unknown,200-299,5,197,true,202,false,27,200-299
10/05/2017 12:00:00 AM,10/16/2017 12:00:00 AM,Unauthorized Access,10/01/2017 12:00:00 AM,10/02/2017 12:00:00 AM,"Pizza Hut, LLC",9745,,1896,Business,"1,000-9,999",1-99,0,4,false,1,false,11,1-99
08/11/2017 12:00:00 AM,10/06/2017 12:00:00 AM,Cyberattack,04/25/2017 12:00:00 AM,08/29/2017 12:00:00 AM,Tommie Copper Inc.,9744,Malware,695,Business,500-999,100-199,18,108,true,126,false,56,100-199
09/13/2017 12:00:00 AM,10/06/2017 12:00:00 AM,Cyberattack,05/27/2017 12:00:00 AM,07/12/2017 12:00:00 AM,"Provo Craft & Novelty, Inc.",9743,Unclear/unknown,773,Business,500-999,100-199,0,109,false,46,false,23,1-99
09/06/2017 12:00:00 AM,10/06/2017 12:00:00 AM,Cyberattack,07/31/2017 12:00:00 AM,08/28/2017 12:00:00 AM,Catholic United Financial,9742,Malware,704,Finance,500-999,1-99,0,37,false,28,false,30,1-99
08/30/2017 12:00:00 AM,10/03/2017 12:00:00 AM,Unauthorized Access,,,"FlexShopper, LLC",9740,,2396,Business,"1,000-9,999",Unknown,,,false,,false,34,Unknown
07/26/2017 12:00:00 AM,09/29/2017 12:00:00 AM,Unauthorized Access,,,The Online Traffic School,9739,,2404,Business,"1,000-9,999",Unknown,,,false,,false,65,Unknown
06/01/2017 12:00:00 AM,09/29/2017 12:00:00 AM,Unauthorized Access,06/01/2017 12:00:00 AM,06/01/2017 12:00:00 AM,BSI Financial Services,9738,,580,Finance,500-999,0,0,0,true,0,true,120,0
08/23/2017 12:00:00 AM,09/18/2017 12:00:00 AM,Theft or Mistake,08/23/2017 12:00:00 AM,08/23/2017 12:00:00 AM,"W.W. Grainger, Inc.",9737,,725,Business,500-999,0,0,0,true,0,true,26,0
07/29/2017 12:00:00 AM,09/07/2017 12:00:00 AM,Cyberattack,05/16/2017 12:00:00 AM,07/31/2017 12:00:00 AM,"Equifax, Inc.",9735,Other,3243664,Finance,"1,000,000+",1-99,2,74,true,76,false,40,1-99
07/18/2017 12:00:00 AM,08/31/2017 12:00:00 AM,Theft or Mistake,,,Timberland Bank,9734,,5688,Finance,"1,000-9,999",Unknown,,,false,,false,44,Unknown
08/15/2017 12:00:00 AM,08/24/2017 12:00:00 AM,Theft or Mistake,12/01/2016 12:00:00 AM,12/01/2016 12:00:00 AM,Green River Community College,9733,,3399,Education,"1,000-9,999",200-299,0,257,false,0,false,9,0
06/26/2017 12:00:00 AM,08/14/2017 12:00:00 AM,Cyberattack,,,TRUEbenefits LLC,9732,Phishing,12327,Business,"10,000-49,999",Unknown,,,false,,false,49,Unknown
06/06/2017 12:00:00 AM,08/03/2017 12:00:00 AM,Unauthorized Access,08/10/2016 12:00:00 AM,03/09/2017 12:00:00 AM,Silver Cloud Inns & Hotels,9731,,1382,Business,"1,000-9,999",300-399,0,300,false,211,false,58,200-299
06/06/2017 12:00:00 AM,07/28/2017 12:00:00 AM,Unauthorized Access,08/10/2016 12:00:00 AM,03/09/2017 12:00:00 AM,Noble House Hotels & Resorts,9730,,523,Business,500-999,300-399,0,300,false,211,false,52,200-299
05/02/2017 12:00:00 AM,07/26/2017 12:00:00 AM,Cyberattack,,,Steel Technologies LLC (Hydro Flask Brand),9729,Other,1780,Business,"1,000-9,999",Unknown,,,false,,false,85,Unknown
06/26/2017 12:00:00 AM,07/26/2017 12:00:00 AM,Cyberattack,12/21/2016 12:00:00 AM,04/11/2017 12:00:00 AM,Al J. Schneider Company (Galt House Hotel),9728,Skimmers,791,Business,500-999,100-199,0,187,false,111,false,30,100-199
06/25/2017 12:00:00 AM,07/18/2017 12:00:00 AM,Unauthorized Access,05/06/2017 12:00:00 AM,05/10/2017 12:00:00 AM,"Keller Williams Realty, Inc.",9725,,9425,Business,"1,000-9,999",1-99,0,50,false,4,false,23,1-99
06/08/2017 12:00:00 AM,07/21/2017 12:00:00 AM,Cyberattack,,,Value Eyecare Network,9724,Malware,2696,Business,"1,000-9,999",Unknown,,,false,,false,43,Unknown
06/06/2017 12:00:00 AM,08/03/2017 12:00:00 AM,Cyberattack,08/10/2016 12:00:00 AM,03/09/2017 12:00:00 AM,"Two Roads Hospitality, LLC",9723,Malware,5401,Business,"1,000-9,999",300-399,0,300,false,211,false,58,200-299
06/13/2017 12:00:00 AM,07/10/2017 12:00:00 AM,Cyberattack,06/13/2017 12:00:00 AM,06/21/2017 12:00:00 AM,Pacific Science Center,9720,Phishing,605,Business,500-999,1-99,8,0,true,8,false,27,1-99
06/06/2017 12:00:00 AM,07/06/2017 12:00:00 AM,Cyberattack,08/10/2016 12:00:00 AM,03/09/2017 12:00:00 AM,Four Seasons Hotels Limited,9719,Unclear/unknown,636,Business,500-999,300-399,0,300,false,211,false,30,200-299
06/06/2017 12:00:00 AM,07/05/2017 12:00:00 AM,Cyberattack,08/29/2016 12:00:00 AM,03/09/2017 12:00:00 AM,Loews Hotels & Co. ,9718,Malware,912,Business,500-999,200-299,0,281,false,192,false,29,100-199
06/06/2017 12:00:00 AM,06/30/2017 12:00:00 AM,Unauthorized Access,08/10/2016 12:00:00 AM,03/09/2017 12:00:00 AM,Preferred Hotel Group,9717,,2370,Business,"1,000-9,999",300-399,0,300,false,211,false,24,200-299
03/14/2017 12:00:00 AM,06/22/2017 12:00:00 AM,Unauthorized Access,,,Caliber Home Loans,9716,,20437,Finance,"10,000-49,999",Unknown,,,false,,false,100,Unknown
03/22/2017 12:00:00 AM,06/22/2017 12:00:00 AM,Cyberattack,03/02/2017 12:00:00 AM,06/15/2017 12:00:00 AM,GOLFTEC,9715,Skimmers,653,Business,500-999,100-199,85,20,true,105,false,92,100-199
05/17/2017 12:00:00 AM,06/20/2017 12:00:00 AM,Cyberattack,11/01/2016 12:00:00 AM,03/30/2017 12:00:00 AM,Home Point Financial Corporation,9714,Phishing,815,Finance,500-999,100-199,0,197,false,149,false,34,100-199
04/26/2017 12:00:00 AM,06/08/2017 12:00:00 AM,Theft or Mistake,,,Washington State University,9712,,769088,Education,"50,000-999,999",Unknown,,,false,,false,43,Unknown
04/18/2017 12:00:00 AM,06/05/2017 12:00:00 AM,Unauthorized Access,08/10/2016 12:00:00 AM,02/09/2017 12:00:00 AM,"GameStop, Inc.",9710,,27956,Business,"10,000-49,999",200-299,0,251,false,183,false,48,100-199
05/26/2017 12:00:00 AM,05/26/2017 12:00:00 AM,Unauthorized Access,10/23/2013 12:00:00 AM,03/31/2017 12:00:00 AM,"Kennewick Public Hospital District, dba Trios Health",9708,,942,Health,500-999,500+,0,1311,false,1255,false,0,500+
02/06/2017 12:00:00 AM,05/24/2017 12:00:00 AM,Cyberattack,02/26/2016 12:00:00 AM,12/05/2016 12:00:00 AM,"Incipio, LLC",9707,Unclear/unknown,1650,Business,"1,000-9,999",300-399,0,346,false,283,false,107,200-299
05/09/2017 12:00:00 AM,05/19/2017 12:00:00 AM,Theft or Mistake,05/09/2017 12:00:00 AM,05/09/2017 12:00:00 AM,Zillow,9706,,1086,Business,"1,000-9,999",0,0,0,true,0,true,10,0
,05/17/2017 12:00:00 AM,Cyberattack,01/30/2017 12:00:00 AM,04/11/2017 12:00:00 AM,"Rite Aid Online Store, Inc.",9705,Malware,657,Business,500-999,Unknown,,,false,71,false,,1-99
04/03/2017 12:00:00 AM,05/16/2017 12:00:00 AM,Cyberattack,,,"Nicopure Labs, LLC",9704,Malware,541,Business,500-999,Unknown,,,false,,false,43,Unknown
04/24/2017 12:00:00 AM,05/15/2017 12:00:00 AM,Cyberattack,01/04/2016 12:00:00 AM,03/29/2017 12:00:00 AM,TALX Corporation,9703,Other,1467,Finance,"1,000-9,999",400-499,0,476,false,450,false,21,400-499
02/23/2017 12:00:00 AM,05/15/2017 12:00:00 AM,Cyberattack,12/20/2016 12:00:00 AM,03/03/2017 12:00:00 AM,Kuru Footwear,9702,Malware,513,Business,500-999,1-99,8,65,true,73,false,81,1-99
04/17/2017 12:00:00 AM,05/12/2017 12:00:00 AM,Cyberattack,11/14/2016 12:00:00 AM,04/17/2017 12:00:00 AM,Indigo Wild,9701,Malware,501,Business,500-999,100-199,0,154,true,154,true,25,100-199
04/24/2017 12:00:00 AM,05/12/2017 12:00:00 AM,Cyberattack,04/04/2016 12:00:00 AM,03/01/2017 12:00:00 AM,Brooks Brothers,9700,Skimmers,,Business,Unknown,300-399,0,385,false,331,false,18,300-399
08/10/2016 12:00:00 AM,05/09/2017 12:00:00 AM,Cyberattack,08/10/2016 12:00:00 AM,08/10/2016 12:00:00 AM,Seattle Indian Health Board,9699,Other,4579,Health,"1,000-9,999",0,0,0,true,0,true,272,0
03/17/2017 12:00:00 AM,04/25/2017 12:00:00 AM,Theft or Mistake,,,Seattle Housing Authority,9696,,1500,Government,"1,000-9,999",Unknown,,,false,,false,39,Unknown
01/26/2017 12:00:00 AM,04/18/2017 12:00:00 AM,Cyberattack,01/23/2017 12:00:00 AM,02/22/2017 12:00:00 AM,Pacific Lutheran University,9694,Phishing,813,Education,500-999,1-99,27,3,true,30,false,82,1-99
,04/14/2017 12:00:00 AM,Cyberattack,09/29/2016 12:00:00 AM,12/29/2016 12:00:00 AM,Six Continents Hotels,9693,Malware,13825,Business,"10,000-49,999",Unknown,,,false,91,false,,1-99
03/24/2017 12:00:00 AM,04/12/2017 12:00:00 AM,Cyberattack,10/01/2016 12:00:00 AM,01/01/2017 12:00:00 AM,"ILKB, LLC",9692,Other,1140,Business,"1,000-9,999",100-199,0,174,false,92,false,19,1-99
02/11/2017 12:00:00 AM,04/09/2017 12:00:00 AM,Cyberattack,01/30/2017 12:00:00 AM,01/30/2017 12:00:00 AM,Lake Kennedy McCulluch CPAs PS,9691,Other,1688,Finance,"1,000-9,999",1-99,0,12,false,0,false,57,0
02/06/2017 12:00:00 AM,04/04/2017 12:00:00 AM,Cyberattack,02/26/2016 12:00:00 AM,12/05/2016 12:00:00 AM,Tempur-Pedic,9690,Malware,7366,Business,"1,000-9,999",300-399,0,346,false,283,false,57,200-299
02/10/2017 12:00:00 AM,03/27/2017 12:00:00 AM,Cyberattack,,,"Easy Breathe, Inc.",9689,Unclear/unknown,2034,Business,"1,000-9,999",Unknown,,,false,,false,45,Unknown
02/03/2017 12:00:00 AM,03/17/2017 12:00:00 AM,Cyberattack,10/20/2016 12:00:00 AM,10/20/2016 12:00:00 AM,People for People,9688,Other,821,Non-Profit/Charity,500-999,100-199,0,106,false,0,false,42,0
02/13/2017 12:00:00 AM,03/16/2017 12:00:00 AM,Unauthorized Access,02/11/2017 12:00:00 AM,02/13/2017 12:00:00 AM,"Northwest Christian Schools, Inc.",9687,,526,Education,500-999,1-99,0,2,true,2,true,31,1-99
02/06/2017 12:00:00 AM,03/10/2017 12:00:00 AM,Unauthorized Access,02/26/2016 12:00:00 AM,12/05/2016 12:00:00 AM,Bambeco Inc.,9686,,2176,Business,"1,000-9,999",300-399,0,346,false,283,false,32,200-299
02/06/2017 12:00:00 AM,03/08/2017 12:00:00 AM,Cyberattack,02/26/2016 12:00:00 AM,12/05/2016 12:00:00 AM,Atlantic Cigar,9685,Malware,803,Business,500-999,300-399,0,346,false,283,false,30,200-299
02/06/2017 12:00:00 AM,03/08/2017 12:00:00 AM,Cyberattack,12/14/2016 12:00:00 AM,02/06/2017 12:00:00 AM,prAna,9684,Malware,18172,Business,"10,000-49,999",1-99,0,54,true,54,true,30,1-99
02/22/2017 12:00:00 AM,03/07/2017 12:00:00 AM,Unauthorized Access,02/22/2017 12:00:00 AM,02/22/2017 12:00:00 AM,Russell Investments,9683,,1291,Finance,"1,000-9,999",0,0,0,true,0,true,13,0
02/06/2017 12:00:00 AM,03/06/2017 12:00:00 AM,Cyberattack,02/26/2016 12:00:00 AM,12/05/2016 12:00:00 AM,West Music Company,9682,Malware,1495,Business,"1,000-9,999",300-399,0,346,false,283,false,28,200-299
02/06/2017 12:00:00 AM,02/25/2017 12:00:00 AM,Cyberattack,02/26/2016 12:00:00 AM,12/05/2016 12:00:00 AM,"Movie Mars, Inc.",9681,Malware,524,Business,500-999,300-399,0,346,false,283,false,19,200-299
02/06/2017 12:00:00 AM,02/25/2017 12:00:00 AM,Cyberattack,02/26/2016 12:00:00 AM,12/05/2016 12:00:00 AM,"Century, LCC",9680,Malware,639,Business,500-999,300-399,0,346,false,283,false,19,200-299
02/06/2017 12:00:00 AM,02/25/2017 12:00:00 AM,Cyberattack,02/26/2016 12:00:00 AM,12/05/2016 12:00:00 AM,"Plow and Hearth, LLC",9679,Malware,1274,Business,"1,000-9,999",300-399,0,346,false,283,false,19,200-299
02/06/2017 12:00:00 AM,02/25/2017 12:00:00 AM,Cyberattack,02/26/2016 12:00:00 AM,12/05/2016 12:00:00 AM,"Vapour Organic Beauty, LLC",9678,Malware,847,Business,500-999,300-399,0,346,false,283,false,19,200-299
02/06/2017 12:00:00 AM,02/25/2017 12:00:00 AM,Cyberattack,02/26/2016 12:00:00 AM,12/05/2016 12:00:00 AM,"Blue Mercury, Inc.",9677,Malware,778,Business,500-999,300-399,0,346,false,283,false,19,200-299
02/06/2017 12:00:00 AM,02/25/2017 12:00:00 AM,Cyberattack,02/26/2016 12:00:00 AM,12/05/2016 12:00:00 AM,"Nutrex Hawaii, Inc.",9676,Malware,725,Business,500-999,300-399,0,346,false,283,false,19,200-299
02/06/2017 12:00:00 AM,02/25/2017 12:00:00 AM,Cyberattack,02/26/2016 12:00:00 AM,12/05/2016 12:00:00 AM,Alpha Industries,9675,Malware,1013,Business,"1,000-9,999",300-399,0,346,false,283,false,19,200-299
02/06/2017 12:00:00 AM,02/25/2017 12:00:00 AM,Cyberattack,02/26/2016 12:00:00 AM,12/05/2016 12:00:00 AM,"New England Biolabs, Inc.",9674,Malware,746,Business,500-999,300-399,0,346,false,283,false,19,200-299
01/12/2017 12:00:00 AM,02/24/2017 12:00:00 AM,Theft or Mistake,01/12/2017 12:00:00 AM,,"Pasco Rentals, Inc.",9672,,6300,Business,"1,000-9,999",Unknown,,0,false,,false,43,Unknown
01/05/2017 12:00:00 AM,02/24/2017 12:00:00 AM,Cyberattack,07/30/2015 12:00:00 AM,12/14/2016 12:00:00 AM,Roberts Hawaii,9671,Malware,1178,Business,"1,000-9,999",500+,0,525,false,503,false,50,500+
02/06/2017 12:00:00 AM,02/24/2017 12:00:00 AM,Cyberattack,02/26/2016 12:00:00 AM,12/05/2016 12:00:00 AM,Mrs Prindables,9669,Malware,784,Business,500-999,300-399,0,346,false,283,false,18,200-299
02/06/2017 12:00:00 AM,02/23/2017 12:00:00 AM,Cyberattack,06/01/2013 12:00:00 AM,12/31/2016 12:00:00 AM,Abbott Nutrition,9668,Malware,1819,Business,"1,000-9,999",500+,0,1346,false,1309,false,17,500+
11/16/2016 12:00:00 AM,02/22/2017 12:00:00 AM,Cyberattack,04/24/2016 12:00:00 AM,12/14/2016 12:00:00 AM,Intex Recreation Corp.,9667,Malware,1547,Business,"1,000-9,999",200-299,28,206,true,234,false,98,200-299
02/06/2017 12:00:00 AM,02/22/2017 12:00:00 AM,Unauthorized Access,02/03/2017 12:00:00 AM,02/06/2017 12:00:00 AM,"InterMountain Management, LLC",9666,,558,Business,500-999,1-99,0,3,true,3,true,16,1-99
01/09/2017 12:00:00 AM,02/08/2017 12:00:00 AM,Unauthorized Access,11/21/2016 12:00:00 AM,11/21/2016 12:00:00 AM,The Boeing Company,9665,,7288,Business,"1,000-9,999",1-99,0,49,false,0,false,30,0
12/23/2016 12:00:00 AM,02/03/2017 12:00:00 AM,Unauthorized Access,11/16/2016 12:00:00 AM,11/16/2016 12:00:00 AM,"Conover Capital Management, LLC and Conover Securities Corporation",9664,,1197,Finance,"1,000-9,999",1-99,0,37,false,0,false,42,0
12/23/2015 12:00:00 AM,01/18/2017 12:00:00 AM,Cyberattack,,,"CoPilot Provider Support Services, Inc.",9662,Other,1522,Health,"1,000-9,999",Unknown,,,false,,false,392,Unknown
11/28/2016 12:00:00 AM,01/12/2017 12:00:00 AM,Cyberattack,05/02/2016 12:00:00 AM,11/22/2016 12:00:00 AM,"Spiraledge, Inc.",9661,Malware,9700,Business,"1,000-9,999",200-299,0,210,false,204,false,45,200-299
11/30/2016 12:00:00 AM,12/21/2016 12:00:00 AM,Unauthorized Access,01/16/2016 12:00:00 AM,,Community Health Plan of Washington,9660,,353388,Health,"50,000-999,999",Unknown,,319,false,,false,21,Unknown
,12/20/2016 12:00:00 AM,Unauthorized Access,,,Western Union Financial Services,9659,,2470,Finance,"1,000-9,999",Unknown,,,false,,false,,Unknown
10/18/2016 12:00:00 AM,11/30/2016 12:00:00 AM,Theft or Mistake,10/18/2016 12:00:00 AM,10/18/2016 12:00:00 AM,CHI Franciscan Health- Hospice Tacoma,9658,,1223,Health,"1,000-9,999",0,0,0,true,0,true,43,0
10/27/2016 12:00:00 AM,11/22/2016 12:00:00 AM,Cyberattack,11/09/2015 12:00:00 AM,10/24/2016 12:00:00 AM,The Madison Square Garden Company,9657,Malware,,Business,Unknown,300-399,0,353,false,350,false,26,300-399
10/21/2016 12:00:00 AM,11/21/2016 12:00:00 AM,Cyberattack,03/09/2016 12:00:00 AM,10/22/2016 12:00:00 AM,Island Hotel Company Limited,9656,Malware,,Business,Unknown,200-299,1,226,true,227,false,31,200-299
,11/18/2016 12:00:00 AM,Unauthorized Access,11/13/2016 12:00:00 AM,,Michigan State University,9655,,,Education,Unknown,Unknown,,,false,,false,,Unknown
11/04/2016 12:00:00 AM,11/18/2016 12:00:00 AM,Cyberattack,10/03/2015 12:00:00 AM,10/09/2016 12:00:00 AM,Springfield Armory,9654,Malware,512,Business,500-999,300-399,0,398,false,372,false,14,300-399
07/14/2016 12:00:00 AM,11/09/2016 12:00:00 AM,Cyberattack,,,UFCW Local 655 Food Employers Pension Plan,9652,Ransomware,556,Finance,500-999,Unknown,,,false,,false,118,Unknown
,11/09/2016 12:00:00 AM,Cyberattack,09/07/2016 12:00:00 AM,10/24/2016 12:00:00 AM,Eileen Fisher Inc.,9651,Malware,755,Business,500-999,Unknown,,,false,47,false,,1-99
10/07/2016 12:00:00 AM,11/04/2016 12:00:00 AM,Cyberattack,,,Rebecca Minkoff LLC,9650,Unclear/unknown,549,Business,500-999,Unknown,,,false,,false,28,Unknown
09/30/2016 12:00:00 AM,10/19/2016 12:00:00 AM,Cyberattack,05/29/2016 12:00:00 AM,07/22/2016 12:00:00 AM,Eastwood Company,9649,Malware,633,Business,500-999,100-199,0,124,false,54,false,19,1-99
09/12/2016 12:00:00 AM,09/30/2016 12:00:00 AM,Unauthorized Access,09/12/2016 12:00:00 AM,09/12/2016 12:00:00 AM,Vaupell,9647,,1198,Business,"1,000-9,999",0,0,0,true,0,true,18,0
09/06/2016 12:00:00 AM,09/23/2016 12:00:00 AM,Theft or Mistake,08/31/2016 12:00:00 AM,09/02/2016 12:00:00 AM,Group Health Cooperative,9646,,651,Health,500-999,1-99,0,6,false,2,false,17,1-99
08/23/2016 12:00:00 AM,09/19/2016 12:00:00 AM,Theft or Mistake,,,"Ascensus, Inc.",9645,,1505,Finance,"1,000-9,999",Unknown,,,false,,false,27,Unknown
08/22/2016 12:00:00 AM,09/19/2016 12:00:00 AM,Unauthorized Access,,,ACTIVEOutdoors,9644,,1449645,Government,"1,000,000+",Unknown,,,false,,false,28,Unknown
08/19/2016 12:00:00 AM,09/02/2016 12:00:00 AM,Cyberattack,04/25/2016 12:00:00 AM,,Noble House Hotels,9643,Skimmers,1463,Business,"1,000-9,999",Unknown,,116,false,,false,14,Unknown
07/22/2016 12:00:00 AM,08/31/2016 12:00:00 AM,Theft or Mistake,04/21/2016 12:00:00 AM,06/13/2016 12:00:00 AM,Highline Medical Center,9642,,12724,Health,"10,000-49,999",1-99,0,92,false,53,false,40,1-99
07/15/2016 12:00:00 AM,08/31/2016 12:00:00 AM,Cyberattack,02/16/2016 12:00:00 AM,07/07/2016 12:00:00 AM,Kimpton Hotels & Restaurants,9641,Malware,5428,Business,"1,000-9,999",100-199,0,150,false,142,false,47,100-199
08/18/2016 12:00:00 AM,08/30/2016 12:00:00 AM,Unauthorized Access,07/16/2016 12:00:00 AM,08/18/2016 12:00:00 AM,"Presnell Gage, PLLC",9640,,2613,Finance,"1,000-9,999",1-99,0,33,true,33,true,12,1-99
06/30/2016 12:00:00 AM,08/22/2016 12:00:00 AM,Cyberattack,10/21/2015 12:00:00 AM,04/07/2016 12:00:00 AM,KontrolFreek,9639,Malware,625,Business,500-999,200-299,0,253,false,169,false,53,100-199
07/15/2016 12:00:00 AM,08/18/2016 12:00:00 AM,Cyberattack,01/02/2016 12:00:00 AM,07/17/2016 12:00:00 AM,Eddie Bauer,9638,Malware,73508,Business,"50,000-999,999",100-199,2,195,true,197,false,34,100-199
06/13/2016 12:00:00 AM,08/12/2016 12:00:00 AM,Unauthorized Access,03/30/2016 12:00:00 AM,,"Valley Anesthesiology Consultants, Inc.",9637,,611,Health,500-999,Unknown,,75,false,,false,60,Unknown
07/13/2016 12:00:00 AM,08/03/2016 12:00:00 AM,Cyberattack,06/17/2016 12:00:00 AM,,Banner Health,9635,Malware,7916,Health,"1,000-9,999",Unknown,,26,false,,false,21,Unknown
06/08/2016 12:00:00 AM,07/19/2016 12:00:00 AM,Cyberattack,04/21/2016 12:00:00 AM,06/13/2016 12:00:00 AM,San Antonio Shoemakers,9634,Malware,511,Business,500-999,1-99,5,48,true,53,false,41,1-99
07/19/2016 12:00:00 AM,07/19/2016 12:00:00 AM,Cyberattack,03/01/2016 12:00:00 AM,07/31/2016 12:00:00 AM,CiCi Enterprises,9633,Malware,,Business,Unknown,100-199,12,140,true,152,false,0,100-199
06/08/2016 12:00:00 AM,07/16/2016 12:00:00 AM,Unauthorized Access,04/01/2015 12:00:00 AM,,"NLU Products, LLC",9632,,2527,Business,"1,000-9,999",Unknown,,434,false,,false,38,Unknown
05/01/2016 12:00:00 AM,07/06/2016 12:00:00 AM,Cyberattack,12/02/2015 12:00:00 AM,06/08/2016 12:00:00 AM,Wendy's,9630,Malware,,Business,Unknown,100-199,38,151,true,189,false,66,100-199
05/17/2016 12:00:00 AM,06/28/2016 12:00:00 AM,Cyberattack,01/31/2016 12:00:00 AM,06/02/2016 12:00:00 AM,Noodles & Company,9629,Malware,,Business,Unknown,100-199,16,107,true,123,false,42,100-199
05/13/2016 12:00:00 AM,06/27/2016 12:00:00 AM,Cyberattack,10/27/2015 12:00:00 AM,03/21/2016 12:00:00 AM,Hard Rock Hotel & Casino Las Vegas,9628,Malware,,Business,Unknown,100-199,0,199,false,146,false,45,100-199
09/17/2014 12:00:00 AM,06/16/2016 12:00:00 AM,Unauthorized Access,05/13/2014 12:00:00 AM,05/13/2014 12:00:00 AM,Uber Technologies,9627,,1355,Business,"1,000-9,999",100-199,0,127,false,0,false,638,0
06/01/2016 12:00:00 AM,06/13/2016 12:00:00 AM,Theft or Mistake,05/27/2016 12:00:00 AM,06/01/2016 12:00:00 AM,The Tax Shack,9626,,1000,Finance,"1,000-9,999",1-99,0,5,true,5,true,12,1-99
09/29/2015 12:00:00 AM,06/10/2016 12:00:00 AM,Unauthorized Access,02/19/2014 12:00:00 AM,08/06/2015 12:00:00 AM,Grand Sierra Resort,9625,,1061,Business,"1,000-9,999",500+,0,587,false,533,false,255,500+
01/30/2016 12:00:00 AM,06/06/2016 12:00:00 AM,Cyberattack,,01/30/2016 12:00:00 AM,"Empathia, Inc.",9623,Malware,602,Business,500-999,Unknown,0,,true,,true,128,Unknown
,05/11/2016 12:00:00 AM,Unauthorized Access,04/12/2016 12:00:00 AM,,Olympia School District,9622,,2145,Government,"1,000-9,999",Unknown,,,false,,false,,Unknown
,05/10/2016 12:00:00 AM,Unauthorized Access,,,LendUp Processing Center,9621,,708,Finance,500-999,Unknown,,,false,,false,,Unknown
04/04/2016 12:00:00 AM,04/27/2016 12:00:00 AM,Unauthorized Access,,,AIM Inc.,9617,,1639,Business,"1,000-9,999",Unknown,,,false,,false,23,Unknown
,04/18/2016 12:00:00 AM,Unauthorized Access,03/01/2016 12:00:00 AM,,doTERRA International LLC,9616,,41485,Business,"10,000-49,999",Unknown,,,false,,false,,Unknown
,04/11/2016 12:00:00 AM,Cyberattack,01/22/2014 12:00:00 AM,02/08/2016 12:00:00 AM,"Schwaab, Inc.",9615,Malware,2162,Business,"1,000-9,999",Unknown,,,false,747,false,,500+
03/07/2016 12:00:00 AM,03/15/2016 12:00:00 AM,Cyberattack,03/07/2016 12:00:00 AM,03/07/2016 12:00:00 AM,Advance Auto Parts,9614,Phishing,544,Business,500-999,0,0,0,true,0,true,8,0
,03/14/2016 12:00:00 AM,Cyberattack,12/01/2011 12:00:00 AM,01/26/2016 12:00:00 AM,"Bailey's, Inc.",9613,Malware,8844,Business,"1,000-9,999",Unknown,,,false,1517,false,,500+
03/02/2016 12:00:00 AM,03/07/2016 12:00:00 AM,Unauthorized Access,03/02/2016 12:00:00 AM,,Turner Construction Company,9612,,566,Business,500-999,Unknown,,0,false,,false,5,Unknown
11/13/2015 12:00:00 AM,03/04/2016 12:00:00 AM,Unauthorized Access,10/03/2015 12:00:00 AM,,21st Century Oncology,9611,,2802,Health,"1,000-9,999",Unknown,,41,false,,false,112,Unknown
12/16/2015 12:00:00 AM,02/09/2016 12:00:00 AM,Unauthorized Access,11/15/2013 12:00:00 AM,12/24/2015 12:00:00 AM,Health Care Authority,9610,,91187,Government,"50,000-999,999",500+,8,761,true,769,false,55,500+
,02/04/2016 12:00:00 AM,Unauthorized Access,10/03/2015 12:00:00 AM,12/18/2015 12:00:00 AM,"Gyft, Inc.",9609,,9042,Business,"1,000-9,999",Unknown,,,false,76,false,,1-99
12/03/2015 12:00:00 AM,01/29/2016 12:00:00 AM,Cyberattack,05/04/2014 12:00:00 AM,12/03/2015 12:00:00 AM,"Landry's, Inc.",9608,Skimmers,,Business,Unknown,500+,0,578,true,578,true,57,500+
,01/22/2016 12:00:00 AM,Cyberattack,,,Starwood Hotels and Resorts,9607,Malware,,Business,Unknown,Unknown,,,false,,false,,Unknown
11/24/2015 12:00:00 AM,01/14/2016 12:00:00 AM,Cyberattack,08/13/2015 12:00:00 AM,12/08/2015 12:00:00 AM,Hyatt Hotels Corporation,9605,Malware,15,Business,< 500,100-199,14,103,true,117,false,51,100-199
12/10/2015 12:00:00 AM,01/13/2016 12:00:00 AM,Unauthorized Access,12/07/2015 12:00:00 AM,12/08/2015 12:00:00 AM,HSBC Bank USA,9604,,5270,Finance,"1,000-9,999",1-99,0,3,false,1,false,34,1-99
12/07/2015 12:00:00 AM,12/23/2015 12:00:00 AM,Theft or Mistake,11/09/2015 12:00:00 AM,,"Matson Navigation Company, Inc. and Horizon Lines",9602,,2185,Business,"1,000-9,999",Unknown,,28,false,,false,16,Unknown
08/04/2015 12:00:00 AM,12/18/2015 12:00:00 AM,Unauthorized Access,07/15/2014 12:00:00 AM,08/05/2014 12:00:00 AM,"Yapstone, Inc.",9601,,5264,Business,"1,000-9,999",300-399,0,385,false,21,false,136,1-99
,11/30/2015 12:00:00 AM,Cyberattack,01/22/2015 12:00:00 AM,07/20/2015 12:00:00 AM,Muji,9599,Malware,664,Business,500-999,Unknown,,,false,179,false,,100-199
02/10/2015 12:00:00 AM,11/24/2015 12:00:00 AM,Cyberattack,,,"Hilton Worldwide, Inc.",9598,Malware,,Business,Unknown,Unknown,,,false,,false,287,Unknown
,11/13/2015 12:00:00 AM,Cyberattack,12/29/2014 12:00:00 AM,08/11/2015 12:00:00 AM,Noble House Hotels and Resorts,9597,Malware,4555,Business,"1,000-9,999",Unknown,,,false,225,false,,200-299
04/04/2021 12:00:00 AM,05/05/2021 12:00:00 AM,Unauthorized Access,04/04/2021 12:00:00 AM,04/04/2021 12:00:00 AM,SEIU 775 Benefits Group,10460,,124760,Non-Profit/Charity,"50,000-999,999",0,0,0,true,0,true,31,0
08/13/2020 12:00:00 AM,05/07/2021 12:00:00 AM,Theft or Mistake,,,"Telmate, LLC",10462,,4257,Business,"1,000-9,999",Unknown,,,false,,false,267,Unknown
12/13/2020 12:00:00 AM,05/10/2021 12:00:00 AM,Cyberattack,12/13/2020 12:00:00 AM,12/13/2020 12:00:00 AM,"Aspen Education Group, Inc.",10463,Malware,1958,Business,"1,000-9,999",0,0,0,true,0,true,148,0
01/28/2021 12:00:00 AM,05/10/2021 12:00:00 AM,Cyberattack,11/01/2020 12:00:00 AM,02/01/2021 12:00:00 AM,"Cougar Den, Inc.",10464,Phishing,757,Business,500-999,1-99,4,88,true,92,false,102,1-99
03/18/2021 12:00:00 AM,05/13/2021 12:00:00 AM,Cyberattack,02/06/2021 12:00:00 AM,03/19/2021 12:00:00 AM,"American Family Mutual Insurance Company, S.I.",10465,Other,5246,Finance,"1,000-9,999",1-99,1,40,true,41,false,56,1-99
02/16/2021 12:00:00 AM,05/19/2021 12:00:00 AM,Unauthorized Access,01/21/2021 12:00:00 AM,02/05/2021 12:00:00 AM,Rehoboth McKinley Christian Health Care Services,10467,,1186,Health,"1,000-9,999",1-99,0,26,false,15,false,92,1-99
04/15/2021 12:00:00 AM,05/21/2021 12:00:00 AM,Cyberattack,,,"Defender Industries, Inc.",10468,Malware,1208,Business,"1,000-9,999",Unknown,,,false,,false,36,Unknown
04/25/2021 12:00:00 AM,05/25/2021 12:00:00 AM,Cyberattack,01/07/2021 12:00:00 AM,04/04/2021 12:00:00 AM,Infinity Insurance Company,10469,Other,639,Finance,500-999,100-199,0,108,false,87,false,30,1-99
01/15/2021 12:00:00 AM,05/25/2021 12:00:00 AM,Cyberattack,11/01/2019 12:00:00 AM,09/03/2020 12:00:00 AM,"Sugarfina USA, LLC",10470,Malware,1019,Business,"1,000-9,999",400-499,0,441,false,307,false,130,300-399
12/16/2020 12:00:00 AM,05/27/2021 12:00:00 AM,Cyberattack,05/25/2020 12:00:00 AM,12/16/2020 12:00:00 AM,Accucom Corporation,10471,Malware,6829,Business,"1,000-9,999",200-299,0,205,true,205,true,162,200-299
01/11/2021 12:00:00 AM,05/28/2021 12:00:00 AM,Cyberattack,01/11/2021 12:00:00 AM,01/11/2021 12:00:00 AM,"20/20 Eye Care Network, Inc.",10472,Unclear/unknown,690,Health,500-999,0,0,0,true,0,true,137,0
01/21/2021 12:00:00 AM,05/28/2021 12:00:00 AM,Unauthorized Access,01/21/2021 12:00:00 AM,01/23/2021 12:00:00 AM,"USA Waste-Management Resources, LLC",10473,,6225,Business,"1,000-9,999",1-99,2,0,true,2,false,127,1-99
06/09/2021 12:00:00 AM,07/06/2021 12:00:00 AM,Theft or Mistake,06/09/2021 12:00:00 AM,,UniBank,10475,,11276,Finance,"10,000-49,999",Unknown,,0,false,,false,27,Unknown
03/21/2021 12:00:00 AM,07/08/2021 12:00:00 AM,Cyberattack,03/05/2021 12:00:00 AM,03/21/2021 12:00:00 AM,CNA Financial Corporation,10476,Ransomware,823,Finance,500-999,1-99,0,16,true,16,true,109,1-99
03/01/2021 12:00:00 AM,06/02/2021 12:00:00 AM,Cyberattack,03/01/2021 12:00:00 AM,03/01/2021 12:00:00 AM,"Asarco, LLC",10478,Ransomware,670,Business,500-999,0,0,0,true,0,true,93,0
04/25/2021 12:00:00 AM,06/03/2021 12:00:00 AM,Cyberattack,03/22/2021 12:00:00 AM,04/21/2021 12:00:00 AM,Supplemental Income 401(k) Plan,10479,Phishing,1085,Finance,"1,000-9,999",1-99,0,34,false,30,false,39,1-99
05/07/2021 12:00:00 AM,06/04/2021 12:00:00 AM,Theft or Mistake,05/07/2021 12:00:00 AM,,"Pediatrix Cardiology of Washington, P.C. d/b/a NorthWest Congenital Heart Care",10480,,1136,Health,"1,000-9,999",Unknown,,0,false,,false,28,Unknown
05/20/2021 12:00:00 AM,06/16/2021 12:00:00 AM,Cyberattack,02/07/2020 12:00:00 AM,05/20/2020 12:00:00 AM,Buffalo State College Foundation,10484,Ransomware,536,Non-Profit/Charity,500-999,400-499,0,468,false,103,false,27,100-199
04/07/2021 12:00:00 AM,06/18/2021 12:00:00 AM,Cyberattack,08/16/2020 12:00:00 AM,04/29/2021 12:00:00 AM,"Herff Jones, LLC",10485,Malware,17316,Business,"10,000-49,999",200-299,22,234,true,256,false,72,200-299
05/19/2021 12:00:00 AM,06/18/2021 12:00:00 AM,Unauthorized Access,05/17/2021 12:00:00 AM,05/19/2021 12:00:00 AM,"Maximus, Inc.",10486,,2560,Business,"1,000-9,999",1-99,0,2,true,2,true,30,1-99
02/12/2021 12:00:00 AM,06/22/2021 12:00:00 AM,Cyberattack,,,Royal Caribbean Group,10488,Phishing,502,Business,500-999,Unknown,,,false,,false,130,Unknown
05/03/2021 12:00:00 AM,06/23/2021 12:00:00 AM,Cyberattack,05/21/2020 12:00:00 AM,05/03/2021 12:00:00 AM,"Asset Marketing Services, LLC d/b/a GovMint.com",10489,Malware,1332,Business,"1,000-9,999",300-399,0,347,true,347,true,51,300-399
06/04/2021 12:00:00 AM,06/24/2021 12:00:00 AM,Cyberattack,,,Washington State Department of Labor & Industries,10490,Unclear/unknown,16466,Government,"10,000-49,999",Unknown,,,false,,false,20,Unknown
04/26/2021 12:00:00 AM,06/28/2021 12:00:00 AM,Cyberattack,04/25/2021 12:00:00 AM,,"Ankle and Foot Physicians and Surgeons, PLLC",10491,Ransomware,4996,Health,"1,000-9,999",Unknown,,1,false,,false,63,Unknown
04/26/2021 12:00:00 AM,06/30/2021 12:00:00 AM,Cyberattack,04/22/2021 12:00:00 AM,04/30/2021 12:00:00 AM,Marsh McLennan,10492,Other,2550,Finance,"1,000-9,999",1-99,4,4,true,8,false,65,1-99
01/01/2021 12:00:00 AM,07/01/2021 12:00:00 AM,Cyberattack,,01/16/2021 12:00:00 AM,"Nevada Restaurant Services, Inc.",10493,Malware,3241,Business,"1,000-9,999",Unknown,15,,true,,false,181,Unknown
05/20/2021 12:00:00 AM,07/02/2021 12:00:00 AM,Cyberattack,,,Morgan Stanley,10494,Malware,2080,Finance,"1,000-9,999",Unknown,,,false,,false,43,Unknown
10/12/2020 12:00:00 AM,07/02/2021 12:00:00 AM,Cyberattack,10/08/2020 12:00:00 AM,10/13/2020 12:00:00 AM,"The Paradies Shops, LLC",10495,Ransomware,657,Business,500-999,1-99,1,4,true,5,false,263,1-99
04/26/2021 12:00:00 AM,07/09/2021 12:00:00 AM,Cyberattack,03/08/2021 12:00:00 AM,04/26/2021 12:00:00 AM,"CSI Financial Services, LLC",10496,Phishing,4255,Finance,"1,000-9,999",1-99,0,49,true,49,true,74,1-99
09/26/2020 12:00:00 AM,07/13/2021 12:00:00 AM,Cyberattack,06/03/2020 12:00:00 AM,09/26/2020 12:00:00 AM,Arthur J. Gallagher & Co.,10497,Ransomware,72378,Finance,"50,000-999,999",100-199,0,115,true,115,true,290,100-199
06/06/2017 12:00:00 AM,10/16/2017 12:00:00 AM,Cyberattack,03/10/2017 12:00:00 AM,06/07/2017 12:00:00 AM,Capital One Merchants (Spark Pay Online),10498,Malware,1352,Business,"1,000-9,999",1-99,1,88,true,89,false,132,1-99
07/07/2017 12:00:00 AM,10/12/2017 12:00:00 AM,Cyberattack,03/18/2017 12:00:00 AM,07/02/2017 12:00:00 AM,Hyatt Hotels Corporation,10499,Skimmers,640,Business,500-999,100-199,0,111,false,106,false,97,100-199
05/15/2019 12:00:00 AM,07/24/2019 12:00:00 AM,Cyberattack,03/21/2019 12:00:00 AM,,"Laboratory Medicine Consultants, LTD",10500,Unclear/unknown,684,Health,500-999,Unknown,,55,false,,false,70,Unknown
05/26/2019 12:00:00 AM,07/26/2019 12:00:00 AM,Cyberattack,09/23/2018 12:00:00 AM,07/16/2019 12:00:00 AM,Sark Technologies LLC,10501,Malware,762,Business,500-999,200-299,51,245,true,296,false,61,200-299
03/12/2019 12:00:00 AM,07/27/2019 12:00:00 AM,Cyberattack,03/12/2019 12:00:00 AM,05/29/2019 12:00:00 AM,Community Psychiatric Clinic,10502,Other,6600,Health,"1,000-9,999",1-99,78,0,true,78,false,137,1-99
06/25/2019 12:00:00 AM,07/29/2019 12:00:00 AM,Cyberattack,03/24/2019 12:00:00 AM,06/27/2019 12:00:00 AM,"Trusted Tours & Attractions, LLC",10503,Malware,706,Business,500-999,1-99,2,93,true,95,false,34,1-99
06/15/2019 12:00:00 AM,08/14/2019 12:00:00 AM,Cyberattack,06/15/2019 12:00:00 AM,,Grays Harbor Community Hospital,10504,Ransomware,88000,Health,"50,000-999,999",Unknown,,0,false,,false,60,Unknown
07/26/2019 12:00:00 AM,08/16/2019 12:00:00 AM,Theft or Mistake,07/25/2019 12:00:00 AM,,Regence,10505,,642,Health,500-999,Unknown,,1,false,,false,21,Unknown
03/18/2019 12:00:00 AM,08/26/2019 12:00:00 AM,Cyberattack,02/01/2018 12:00:00 AM,10/10/2018 12:00:00 AM,"Creation Entertainment, Inc.",10506,Malware,2467,Business,"1,000-9,999",400-499,0,410,false,251,false,161,200-299
08/06/2019 12:00:00 AM,09/04/2019 12:00:00 AM,Unauthorized Access,02/19/2019 12:00:00 AM,02/19/2019 12:00:00 AM,"CafePress, Inc.",10507,,5863,Business,"1,000-9,999",100-199,0,168,false,0,false,29,0
04/23/2019 12:00:00 AM,09/12/2019 12:00:00 AM,Cyberattack,04/22/2019 12:00:00 AM,04/23/2019 12:00:00 AM,Peoples Injury Network Northwest,10508,Ransomware,12502,Health,"10,000-49,999",1-99,0,1,true,1,true,142,1-99
08/02/2019 12:00:00 AM,09/13/2019 12:00:00 AM,Cyberattack,10/01/2018 12:00:00 AM,07/02/2019 12:00:00 AM,Amateur Athletic Union,10509,Malware,12200,Non-Profit/Charity,"10,000-49,999",300-399,0,305,false,274,false,42,200-299
07/24/2019 12:00:00 AM,09/24/2019 12:00:00 AM,Cyberattack,,07/24/2019 12:00:00 AM,"Majoris Health Systems, Inc.",10510,Malware,516,Health,500-999,Unknown,0,,true,,true,62,Unknown
09/05/2019 12:00:00 AM,09/26/2019 12:00:00 AM,Unauthorized Access,05/04/2019 12:00:00 AM,05/04/2019 12:00:00 AM,DoorDash Inc,10511,,2243,Business,"1,000-9,999",100-199,0,124,false,0,false,21,0
04/16/2019 12:00:00 AM,10/10/2019 12:00:00 AM,Cyberattack,03/11/2019 12:00:00 AM,05/07/2019 12:00:00 AM,Calibre CPA Group,10513,Unclear/unknown,983,Finance,500-999,1-99,21,36,true,57,false,177,1-99
06/01/2019 12:00:00 AM,10/15/2019 12:00:00 AM,Cyberattack,09/01/2018 12:00:00 AM,09/28/2019 12:00:00 AM,"Eye Buy Direct, Inc.",10514,Unclear/unknown,17031,Business,"10,000-49,999",300-399,119,273,true,392,false,136,300-399
09/11/2019 12:00:00 AM,10/16/2019 12:00:00 AM,Cyberattack,,,"Neutraceutical Wellness, Inc",10515,Unclear/unknown,518,Business,500-999,Unknown,,,false,,false,35,Unknown
08/21/2019 12:00:00 AM,11/08/2019 12:00:00 AM,Cyberattack,04/15/2019 12:00:00 AM,10/25/2019 12:00:00 AM,First Aid Beauty Limited,10516,Malware,663,Business,500-999,100-199,65,128,true,193,false,79,100-199
10/15/2019 12:00:00 AM,11/14/2019 12:00:00 AM,Cyberattack,10/07/2019 12:00:00 AM,10/15/2019 12:00:00 AM,Macy's Inc.,10517,Malware,3810,Business,"1,000-9,999",1-99,0,8,true,8,true,30,1-99
10/24/2019 12:00:00 AM,11/15/2019 12:00:00 AM,Cyberattack,08/27/2019 12:00:00 AM,10/28/2019 12:00:00 AM,City of Lacey,10518,Malware,6209,Government,"1,000-9,999",1-99,4,58,true,62,false,22,1-99
10/18/2019 12:00:00 AM,11/26/2019 12:00:00 AM,Cyberattack,10/11/2019 12:00:00 AM,10/22/2019 12:00:00 AM,"The UPS Store, Inc.",10521,Phishing,506,Business,500-999,1-99,4,7,true,11,false,39,1-99
11/12/2019 12:00:00 AM,11/29/2019 12:00:00 AM,Theft or Mistake,06/01/2015 12:00:00 AM,11/12/2019 12:00:00 AM,Choice Hotels International Inc.,10523,,1684,Business,"1,000-9,999",500+,0,1625,true,1625,true,17,500+
08/19/2019 12:00:00 AM,12/19/2019 12:00:00 AM,Cyberattack,08/16/2019 12:00:00 AM,08/21/2019 12:00:00 AM,Vimly Benefits Solution,10525,Phishing,91807,Business,"50,000-999,999",1-99,2,3,true,5,false,122,1-99
11/22/2019 12:00:00 AM,12/31/2019 12:00:00 AM,Cyberattack,01/18/2019 12:00:00 AM,10/17/2019 12:00:00 AM,Landry's Inc.,10526,Malware,,Business,Unknown,300-399,0,308,false,272,false,39,200-299
12/03/2019 12:00:00 AM,12/31/2019 12:00:00 AM,Cyberattack,11/08/2019 12:00:00 AM,12/05/2019 12:00:00 AM,Evolucion Innovations Inc. (evo.com),10527,Malware,4899,Business,"1,000-9,999",1-99,2,25,true,27,false,28,1-99
12/05/2019 12:00:00 AM,01/15/2020 12:00:00 AM,Cyberattack,09/16/2019 12:00:00 AM,11/11/2019 12:00:00 AM,"Hanna Andersson, LLC",10528,Malware,8816,Business,"1,000-9,999",1-99,0,80,false,56,false,41,1-99
12/18/2019 12:00:00 AM,01/20/2020 12:00:00 AM,Cyberattack,09/29/2019 12:00:00 AM,01/13/2020 12:00:00 AM,"The UPS Store, Inc.",10530,Phishing,963,Business,500-999,100-199,26,80,true,106,false,33,100-199
12/26/2019 12:00:00 AM,01/24/2020 12:00:00 AM,Cyberattack,12/26/2019 12:00:00 AM,12/26/2019 12:00:00 AM,"Oostra Rouw & Associates, Inc. (ORA, Inc.)",10531,Ransomware,2376,Finance,"1,000-9,999",0,0,0,true,0,true,29,0
08/24/2019 12:00:00 AM,02/14/2020 12:00:00 AM,Cyberattack,07/09/2019 12:00:00 AM,08/24/2019 12:00:00 AM,Aveanna Healthcare,10532,Unclear/unknown,2444,Health,"1,000-9,999",1-99,0,46,true,46,true,174,1-99
09/01/2019 12:00:00 AM,02/14/2020 12:00:00 AM,Cyberattack,08/19/2019 12:00:00 AM,09/20/2019 12:00:00 AM,Smile Surfers,10533,Unclear/unknown,532,Health,500-999,1-99,19,13,true,32,false,166,1-99
10/28/2019 12:00:00 AM,02/25/2020 12:00:00 AM,Unauthorized Access,10/24/2019 12:00:00 AM,10/28/2019 12:00:00 AM,AFTRA Retirement Fund,10534,,8803,Non-Profit/Charity,"1,000-9,999",1-99,0,4,true,4,true,120,1-99
01/27/2020 12:00:00 AM,02/27/2020 12:00:00 AM,Cyberattack,,,Railworks Corporation,10535,Ransomware,1286,Business,"1,000-9,999",Unknown,,,false,,false,31,Unknown
05/31/2019 12:00:00 AM,03/02/2020 12:00:00 AM,Unauthorized Access,04/11/2019 12:00:00 AM,07/23/2019 12:00:00 AM,Carnival Corporation & PLC,10536,,11346,Business,"10,000-49,999",100-199,53,50,true,103,false,276,100-199
12/05/2019 12:00:00 AM,03/10/2020 12:00:00 AM,Unauthorized Access,12/03/2019 12:00:00 AM,12/05/2019 12:00:00 AM,Wichita State University,10538,,2649,Education,"1,000-9,999",1-99,0,2,true,2,true,96,1-99
07/09/2019 12:00:00 AM,03/16/2020 12:00:00 AM,Unauthorized Access,,,"Avalon Health Care Management, Inc.",10539,,1861,Health,"1,000-9,999",Unknown,,,false,,false,251,Unknown
01/22/2020 12:00:00 AM,04/17/2020 12:00:00 AM,Cyberattack,01/22/2020 12:00:00 AM,01/24/2020 12:00:00 AM,Ambry Genetics Corporation,10544,Phishing,2152,Health,"1,000-9,999",1-99,2,0,true,2,false,86,1-99
01/01/2020 12:00:00 AM,04/20/2020 12:00:00 AM,Cyberattack,03/07/2019 12:00:00 AM,02/13/2020 12:00:00 AM,"Kandy Pens, Inc.",10545,Malware,1112,Business,"1,000-9,999",300-399,43,300,true,343,false,110,300-399
10/08/2019 12:00:00 AM,04/20/2020 12:00:00 AM,Cyberattack,09/07/2019 12:00:00 AM,10/08/2019 12:00:00 AM,"Volusion, LLC",10546,Malware,14111,Business,"10,000-49,999",1-99,0,31,true,31,true,195,1-99
01/06/2020 12:00:00 AM,05/07/2020 12:00:00 AM,Theft or Mistake,11/23/2019 12:00:00 AM,01/06/2020 12:00:00 AM,"Principal Financial Services, Inc.",10547,,583,Finance,500-999,1-99,0,44,true,44,true,122,1-99
03/26/2020 12:00:00 AM,05/07/2020 12:00:00 AM,Unauthorized Access,12/03/2019 12:00:00 AM,,Atria Wealth Solutions,10548,,574,Finance,500-999,Unknown,,114,false,,false,42,Unknown
04/11/2020 12:00:00 AM,05/11/2020 12:00:00 AM,Cyberattack,04/06/2020 12:00:00 AM,04/12/2020 12:00:00 AM,Magellan Health Inc.,10549,Ransomware,5119,Health,"1,000-9,999",1-99,1,5,true,6,false,30,1-99
02/24/2020 12:00:00 AM,05/21/2020 12:00:00 AM,Unauthorized Access,,,Capital Accounting & Tax,10550,,1277,Finance,"1,000-9,999",Unknown,,,false,,false,87,Unknown
05/15/2020 12:00:00 AM,05/22/2020 12:00:00 AM,Cyberattack,,,"Mathway, LLC",10551,Unclear/unknown,,Business,Unknown,Unknown,,,false,,false,7,Unknown
04/28/2020 12:00:00 AM,05/27/2020 12:00:00 AM,Unauthorized Access,10/30/2019 12:00:00 AM,01/14/2020 12:00:00 AM,"Car Wash Partners, Inc.",10552,,805,Business,500-999,100-199,0,181,false,76,false,29,1-99
05/15/2020 12:00:00 AM,05/27/2020 12:00:00 AM,Unauthorized Access,05/06/2020 12:00:00 AM,,"Minted, LLC",10553,,68900,Business,"50,000-999,999",Unknown,,9,false,,false,12,Unknown
01/15/2020 12:00:00 AM,05/29/2020 12:00:00 AM,Unauthorized Access,12/18/2019 12:00:00 AM,12/18/2019 12:00:00 AM,Swedish Health Services,10554,,12573,Health,"10,000-49,999",1-99,0,28,false,0,false,135,0
12/26/2018 12:00:00 AM,06/03/2020 12:00:00 AM,Cyberattack,11/11/2016 12:00:00 AM,02/16/2017 12:00:00 AM,Bombas LLC,10555,Malware,2313,Business,"1,000-9,999",500+,0,775,false,97,false,525,1-99
05/11/2020 12:00:00 AM,06/10/2020 12:00:00 AM,Unauthorized Access,01/12/2020 12:00:00 AM,01/12/2020 12:00:00 AM,"Zoosk, Inc.",10556,,115158,Business,"50,000-999,999",100-199,0,120,false,0,false,30,0
10/30/2018 12:00:00 AM,11/30/2018 12:00:00 AM,Cyberattack,08/15/2014 12:00:00 AM,09/15/2018 12:00:00 AM,Ontario Inc.,10558,Unclear/unknown,540,Business,500-999,500+,0,1537,false,1492,false,31,500+
03/04/2019 12:00:00 AM,04/05/2019 12:00:00 AM,Cyberattack,10/29/2018 12:00:00 AM,03/04/2019 12:00:00 AM,AeroGrow International Inc.,10559,Malware,667,Business,500-999,100-199,0,126,true,126,true,32,100-199
03/13/2019 12:00:00 AM,04/15/2019 12:00:00 AM,Cyberattack,03/13/2019 12:00:00 AM,03/13/2019 12:00:00 AM,Housing Authority of Thurston County,10560,Ransomware,25357,Non-Profit/Charity,"10,000-49,999",0,0,0,true,0,true,33,0
04/17/2020 12:00:00 AM,06/16/2020 12:00:00 AM,Unauthorized Access,05/01/2019 12:00:00 AM,11/30/2019 12:00:00 AM,Providence Health Plan,10561,,3324,Health,"1,000-9,999",300-399,0,352,false,213,false,60,200-299
05/14/2020 12:00:00 AM,06/25/2020 12:00:00 AM,Unauthorized Access,05/14/2020 12:00:00 AM,05/14/2020 12:00:00 AM,"BlockFi, Inc.",10563,,696,Business,500-999,0,0,0,true,0,true,42,0
06/06/2020 12:00:00 AM,07/06/2020 12:00:00 AM,Unauthorized Access,06/06/2020 12:00:00 AM,06/06/2020 12:00:00 AM,AARP.org,10564,,1456,Non-Profit/Charity,"1,000-9,999",0,0,0,true,0,true,30,0
05/20/2020 12:00:00 AM,07/07/2020 12:00:00 AM,Cyberattack,,,Federal Home Loan Mortgage Corporation (Freddie Mac),10565,Ransomware,596,Government,500-999,Unknown,,,false,,false,48,Unknown
06/11/2020 12:00:00 AM,07/08/2020 12:00:00 AM,Cyberattack,04/07/2020 12:00:00 AM,06/12/2020 12:00:00 AM,"Claire's Stores, Inc.",10566,Malware,1166,Business,"1,000-9,999",1-99,1,65,true,66,false,27,1-99
04/01/2020 12:00:00 AM,07/09/2020 12:00:00 AM,Cyberattack,04/01/2020 12:00:00 AM,06/30/2020 12:00:00 AM,Boeing Emlpoyees' Credit Union,10567,Skimmers,4883,Finance,"1,000-9,999",1-99,90,0,true,90,false,99,1-99
06/10/2020 12:00:00 AM,07/09/2020 12:00:00 AM,Cyberattack,05/24/2020 12:00:00 AM,06/08/2020 12:00:00 AM,"Collabera, Inc.",10568,Ransomware,,Business,Unknown,1-99,0,17,false,15,false,29,1-99
06/09/2020 12:00:00 AM,07/10/2020 12:00:00 AM,Unauthorized Access,06/06/2020 12:00:00 AM,06/10/2020 12:00:00 AM,"Fetch Rewards, Inc.",10569,,128598,Business,"50,000-999,999",1-99,1,3,true,4,false,31,1-99
,07/10/2020 12:00:00 AM,Unauthorized Access,,,Morgan Stanley,10570,,401246,Finance,"50,000-999,999",Unknown,,,false,,false,,Unknown
,07/14/2020 12:00:00 AM,Cyberattack,02/16/2017 12:00:00 AM,05/20/2020 12:00:00 AM,"Merani Hospitality, Inc.",10571,Skimmers,,Business,Unknown,Unknown,,,false,1189,false,,500+
06/16/2020 12:00:00 AM,07/16/2020 12:00:00 AM,Unauthorized Access,05/28/2020 12:00:00 AM,06/02/2020 12:00:00 AM,"Gonzales, Gonzales, & Gonzales Immigration Law Offices",10572,,1098,Business,"1,000-9,999",1-99,0,19,false,5,false,30,1-99
05/01/2020 12:00:00 AM,07/21/2020 12:00:00 AM,Cyberattack,02/11/2020 12:00:00 AM,,City Ministries,10573,Phishing,533,Non-Profit/Charity,500-999,Unknown,,80,false,,false,81,Unknown
06/16/2018 12:00:00 AM,07/27/2018 12:00:00 AM,Cyberattack,04/01/2008 12:00:00 AM,01/01/2009 12:00:00 AM,Yale University,10575,Unclear/unknown,1742,Education,"1,000-9,999",500+,0,3728,false,275,false,41,200-299
06/14/2018 12:00:00 AM,08/03/2018 12:00:00 AM,Cyberattack,03/28/2018 12:00:00 AM,04/13/2018 12:00:00 AM,Colorado Bankers Life Insurance Company,10576,Phishing,956,Finance,500-999,1-99,0,78,false,16,false,50,1-99
08/16/2018 12:00:00 AM,08/22/2018 12:00:00 AM,Cyberattack,11/03/2017 12:00:00 AM,01/02/2018 12:00:00 AM,Cheddar's Scratch Kitchen,10577,Unclear/unknown,,Business,Unknown,200-299,0,286,false,60,false,6,1-99
06/01/2018 12:00:00 AM,08/29/2018 12:00:00 AM,Cyberattack,06/01/2016 12:00:00 AM,07/09/2018 12:00:00 AM,LILLEbaby,10578,Malware,1557,Business,"1,000-9,999",500+,38,730,true,768,false,89,500+
06/12/2018 12:00:00 AM,09/12/2018 12:00:00 AM,Unauthorized Access,,06/12/2018 12:00:00 AM,Skagit Bancorp Inc.,10579,,519,Finance,500-999,Unknown,0,,true,,true,92,Unknown
05/22/2018 12:00:00 AM,10/05/2018 12:00:00 AM,Unauthorized Access,05/22/2018 12:00:00 AM,,Rebound Orthopedics & Neurosurgery,10580,,1607,Health,"1,000-9,999",Unknown,,0,false,,false,136,Unknown
06/13/2018 12:00:00 AM,10/18/2018 12:00:00 AM,Cyberattack,06/05/2018 12:00:00 AM,06/13/2018 12:00:00 AM,Renaissance Philanthropic Solutions Group,10582,Phishing,609,Business,500-999,1-99,0,8,true,8,true,127,1-99
09/12/2018 12:00:00 AM,10/22/2018 12:00:00 AM,Cyberattack,08/26/2018 12:00:00 AM,08/29/2018 12:00:00 AM,Challenger Sports Inc.,10583,Unclear/unknown,516,Business,500-999,1-99,0,17,false,3,false,40,1-99
10/01/2018 12:00:00 AM,10/25/2018 12:00:00 AM,Cyberattack,07/07/2017 12:00:00 AM,10/02/2018 12:00:00 AM,GS1 US Inc.,10584,Unclear/unknown,2384,Non-Profit/Charity,"1,000-9,999",400-499,1,451,true,452,false,24,400-499
10/09/2018 12:00:00 AM,11/05/2018 12:00:00 AM,Theft or Mistake,10/09/2018 12:00:00 AM,10/09/2018 12:00:00 AM,Nordstrom Inc.,10587,,13442,Business,"10,000-49,999",0,0,0,true,0,true,27,0
09/25/2018 12:00:00 AM,11/06/2018 12:00:00 AM,Cyberattack,05/27/2018 12:00:00 AM,08/13/2018 12:00:00 AM,"Southwest Washington Regional Surgery Center, LLC",10588,Phishing,1690,Health,"1,000-9,999",100-199,0,121,false,78,false,42,1-99
08/01/2018 12:00:00 AM,11/07/2018 12:00:00 AM,Unauthorized Access,12/06/2017 12:00:00 AM,02/25/2018 12:00:00 AM,"Unified Trust Company, N.A.",10589,,1196,Finance,"1,000-9,999",200-299,0,238,false,81,false,98,1-99
09/20/2018 12:00:00 AM,11/09/2018 12:00:00 AM,Cyberattack,12/06/2017 12:00:00 AM,06/27/2018 12:00:00 AM,Thesy LLC,10590,Malware,5907,Business,"1,000-9,999",200-299,0,288,false,203,false,50,200-299
08/06/2018 12:00:00 AM,11/12/2018 12:00:00 AM,Cyberattack,12/28/2017 12:00:00 AM,07/09/2018 12:00:00 AM,"Title Nine Sports, Inc.",10591,Malware,4837,Business,"1,000-9,999",200-299,0,221,false,193,false,98,100-199
09/27/2018 12:00:00 AM,11/12/2018 12:00:00 AM,Unauthorized Access,,,Collier Heggerness & Bronk CPA's PS Inc.,10592,,2194,Business,"1,000-9,999",Unknown,,,false,,false,46,Unknown
08/06/2018 12:00:00 AM,11/13/2018 12:00:00 AM,Cyberattack,12/28/2017 12:00:00 AM,07/09/2018 12:00:00 AM,Stein Mart Inc.,10593,Malware,680,Business,500-999,200-299,0,221,false,193,false,99,100-199
09/17/2018 12:00:00 AM,11/13/2018 12:00:00 AM,Unauthorized Access,05/11/2018 12:00:00 AM,07/06/2018 12:00:00 AM,"Pharmacy Times Office of Continuing Professional Education, LLC",10594,,797,Education,500-999,100-199,0,129,false,56,false,57,1-99
09/18/2018 12:00:00 AM,11/15/2018 12:00:00 AM,Cyberattack,08/13/2018 12:00:00 AM,09/19/2018 12:00:00 AM,Newegg Inc.,10595,Malware,5931,Business,"1,000-9,999",1-99,1,36,true,37,false,58,1-99
10/05/2018 12:00:00 AM,11/15/2018 12:00:00 AM,Cyberattack,09/04/2018 12:00:00 AM,10/05/2018 12:00:00 AM,HealthEquity Inc.,10596,Phishing,27175,Health,"10,000-49,999",1-99,0,31,true,31,true,41,1-99
11/05/2018 12:00:00 AM,11/16/2018 12:00:00 AM,Cyberattack,10/01/2018 12:00:00 AM,10/31/2018 12:00:00 AM,Washington State Employees Credit Union,10597,Skimmers,2560,Finance,"1,000-9,999",1-99,0,35,false,30,false,11,1-99
11/01/2018 12:00:00 AM,11/16/2018 12:00:00 AM,Cyberattack,11/01/2018 12:00:00 AM,11/01/2018 12:00:00 AM,LPL Financial LLC,10598,Unclear/unknown,8127,Finance,"1,000-9,999",0,0,0,true,0,true,15,0
11/08/2018 12:00:00 AM,11/19/2018 12:00:00 AM,Cyberattack,12/28/2017 12:00:00 AM,07/09/2018 12:00:00 AM,Francesca's Services Corporation,10599,Malware,1148,Business,"1,000-9,999",300-399,0,315,false,193,false,11,100-199
09/05/2018 12:00:00 AM,11/21/2018 12:00:00 AM,Cyberattack,08/21/2018 12:00:00 AM,09/05/2018 12:00:00 AM,British Airways PLC,10600,Malware,1588,Business,"1,000-9,999",1-99,0,15,true,15,true,77,1-99
08/22/2018 12:00:00 AM,11/27/2018 12:00:00 AM,Cyberattack,08/01/2017 12:00:00 AM,09/30/2018 12:00:00 AM,Burgerville LLC,10601,Malware,,Business,Unknown,400-499,39,386,true,425,false,97,400-499
10/14/2018 12:00:00 AM,11/27/2018 12:00:00 AM,Theft or Mistake,10/14/2018 12:00:00 AM,10/14/2018 12:00:00 AM,Washington State Patrol,10602,,1171,Government,"1,000-9,999",0,0,0,true,0,true,44,0
08/10/2018 12:00:00 AM,12/05/2018 12:00:00 AM,Cyberattack,02/05/2018 12:00:00 AM,08/21/2018 12:00:00 AM,San Diego Hardware,10604,Malware,604,Business,500-999,100-199,11,186,true,197,false,117,100-199
05/02/2018 12:00:00 AM,12/07/2018 12:00:00 AM,Cyberattack,,,Titan Manufacturing and Distributing Inc.,10605,Malware,1838,Business,"1,000-9,999",Unknown,,,false,,false,219,Unknown
12/20/2018 12:00:00 AM,12/26/2018 12:00:00 AM,Cyberattack,08/05/2018 12:00:00 AM,11/16/2018 12:00:00 AM,Bel USA LLC,10606,Malware,1553,Business,"1,000-9,999",100-199,0,137,false,103,false,6,100-199
09/14/2018 12:00:00 AM,12/31/2018 12:00:00 AM,Cyberattack,06/07/2018 12:00:00 AM,09/24/2018 12:00:00 AM,Aimbridge Hospitality Holdings LLC,10607,Phishing,647,Business,500-999,100-199,10,99,true,109,false,108,100-199
08/17/2018 12:00:00 AM,01/09/2019 12:00:00 AM,Cyberattack,08/15/2017 12:00:00 AM,01/04/2019 12:00:00 AM,A&A Global Imports Inc.,10609,Malware,2783,Business,"1,000-9,999",500+,140,367,true,507,false,145,500+
12/19/2018 12:00:00 AM,01/18/2019 12:00:00 AM,Cyberattack,07/19/2018 12:00:00 AM,12/12/2018 12:00:00 AM,"Pharmaca Integrative Pharmacy, LLC",10611,Malware,,Business,Unknown,100-199,0,153,false,146,false,30,100-199
12/20/2018 12:00:00 AM,01/30/2019 12:00:00 AM,Unauthorized Access,11/01/2018 12:00:00 AM,11/15/2018 12:00:00 AM,Image-I-Nation Technologies Inc.,10612,,3695,Business,"1,000-9,999",1-99,0,49,false,14,false,41,1-99
01/25/2019 12:00:00 AM,02/12/2019 12:00:00 AM,Cyberattack,02/01/2018 12:00:00 AM,01/01/2019 12:00:00 AM,Stanwich Mortgage Loan Trust,10613,Unclear/unknown,702,Finance,500-999,300-399,0,358,false,334,false,18,300-399
12/14/2018 12:00:00 AM,02/14/2019 12:00:00 AM,Cyberattack,02/02/2018 12:00:00 AM,11/20/2018 12:00:00 AM,North 40 Outfitters,10614,Unclear/unknown,2632,Business,"1,000-9,999",300-399,0,315,false,291,false,62,200-299
01/07/2019 12:00:00 AM,02/22/2019 12:00:00 AM,Theft or Mistake,01/07/2019 12:00:00 AM,01/07/2019 12:00:00 AM,Seattle Housing Authority,10616,,720,Non-Profit/Charity,500-999,0,0,0,true,0,true,46,0
01/09/2019 12:00:00 AM,03/07/2019 12:00:00 AM,Cyberattack,01/09/2019 12:00:00 AM,,Columbia Surgical Specialists,10617,Ransomware,131260,Health,"50,000-999,999",Unknown,,0,false,,false,57,Unknown
06/14/2018 12:00:00 AM,03/12/2019 12:00:00 AM,Cyberattack,01/08/2018 12:00:00 AM,08/07/2018 12:00:00 AM,ABM Industries Incorporated,10618,Phishing,846,Business,500-999,200-299,54,157,true,211,false,271,200-299
12/14/2018 12:00:00 AM,03/15/2019 12:00:00 AM,Cyberattack,12/07/2018 12:00:00 AM,12/07/2018 12:00:00 AM,flexPath Strategies LLC,10619,Phishing,1398,Business,"1,000-9,999",1-99,0,7,false,0,false,91,0
02/17/2019 12:00:00 AM,04/02/2019 12:00:00 AM,Unauthorized Access,12/01/2018 12:00:00 AM,12/31/2018 12:00:00 AM,New Bit Ventures Ltd. (Coinmama.com),10621,,1221,Business,"1,000-9,999",1-99,0,78,false,30,false,44,1-99
02/20/2019 12:00:00 AM,04/05/2019 12:00:00 AM,Cyberattack,,,Archbright,10622,Phishing,1568,Business,"1,000-9,999",Unknown,,,false,,false,44,Unknown
08/21/2018 12:00:00 AM,04/03/2019 12:00:00 AM,Unauthorized Access,05/08/2018 12:00:00 AM,05/08/2018 12:00:00 AM,Jobscience Inc.,10624,,1787,Business,"1,000-9,999",100-199,0,105,false,0,false,225,0
03/28/2019 12:00:00 AM,04/23/2019 12:00:00 AM,Theft or Mistake,03/26/2019 12:00:00 AM,03/26/2019 12:00:00 AM,Seattle University,10626,,2064,Education,"1,000-9,999",1-99,0,2,false,0,false,26,0
04/03/2019 12:00:00 AM,04/26/2019 12:00:00 AM,Cyberattack,07/04/2018 12:00:00 AM,02/16/2019 12:00:00 AM,"Lancaster Archery Supply, Inc.",10627,Unclear/unknown,1151,Business,"1,000-9,999",200-299,0,273,false,227,false,23,200-299
08/06/2018 12:00:00 AM,04/26/2019 12:00:00 AM,Unauthorized Access,,,Port of Seattle,10628,,3357,Government,"1,000-9,999",Unknown,,,false,,false,263,Unknown
05/07/2019 12:00:00 AM,05/09/2019 12:00:00 AM,Cyberattack,02/12/2019 12:00:00 AM,03/26/2019 12:00:00 AM,Sage Advisors LLC,10629,Phishing,1026,Business,"1,000-9,999",1-99,0,84,false,42,false,2,1-99
12/11/2018 12:00:00 AM,05/10/2019 12:00:00 AM,Unauthorized Access,,12/11/2018 12:00:00 AM,Oklahoma Department of Securities,10630,,2793,Government,"1,000-9,999",Unknown,0,,true,,true,150,Unknown
05/14/2019 12:00:00 AM,05/21/2019 12:00:00 AM,Cyberattack,05/14/2019 12:00:00 AM,05/14/2019 12:00:00 AM,Service Linen Supply,10631,Unclear/unknown,1210,Business,"1,000-9,999",0,0,0,true,0,true,7,0
04/02/2019 12:00:00 AM,05/22/2019 12:00:00 AM,Cyberattack,12/14/2018 12:00:00 AM,03/22/2019 12:00:00 AM,Georgia Institute of Technology,10632,Other,8577,Education,"1,000-9,999",100-199,0,109,false,98,false,50,1-99
04/25/2019 12:00:00 AM,05/24/2019 12:00:00 AM,Unauthorized Access,01/03/2019 12:00:00 AM,01/03/2019 12:00:00 AM,National Wildlife Federation,10633,,1564,Non-Profit/Charity,"1,000-9,999",100-199,0,112,false,0,false,29,0
03/26/2019 12:00:00 AM,05/24/2019 12:00:00 AM,Cyberattack,12/29/2017 12:00:00 AM,03/13/2019 12:00:00 AM,"Drury Hotels Company, LLC",10634,Unclear/unknown,,Business,Unknown,400-499,0,452,false,439,false,59,400-499
04/16/2019 12:00:00 AM,05/28/2019 12:00:00 AM,Cyberattack,04/01/2019 12:00:00 AM,04/01/2019 12:00:00 AM,Mediant Communications Inc.,10635,Other,6306,Business,"1,000-9,999",1-99,0,15,false,0,false,42,0
03/20/2019 12:00:00 AM,06/03/2019 12:00:00 AM,Cyberattack,08/01/2018 12:00:00 AM,03/30/2019 12:00:00 AM,Retrieval Masters Creditors Bureau Inc.,10636,Unclear/unknown,33480,Business,"10,000-49,999",200-299,10,231,true,241,false,75,200-299
04/26/2019 12:00:00 AM,06/03/2019 12:00:00 AM,Theft or Mistake,,,Washington Department of Health,10637,,1336,Government,"1,000-9,999",Unknown,,,false,,false,38,Unknown
05/21/2019 12:00:00 AM,06/06/2019 12:00:00 AM,Unauthorized Access,,04/03/2019 12:00:00 AM,Acrisure LLC,10638,,1295,Business,"1,000-9,999",Unknown,0,,false,,false,16,Unknown
04/24/2019 12:00:00 AM,06/07/2019 12:00:00 AM,Cyberattack,11/01/2018 12:00:00 AM,04/29/2019 12:00:00 AM,Princess Polly Group Pty Ltd,10639,Unclear/unknown,2290,Business,"1,000-9,999",100-199,5,174,true,179,false,44,100-199
05/02/2019 12:00:00 AM,06/07/2019 12:00:00 AM,Cyberattack,09/27/2016 12:00:00 AM,03/16/2019 12:00:00 AM,Darwin's Natural Pet Products,10640,Unclear/unknown,1787,Business,"1,000-9,999",500+,0,947,false,900,false,36,500+
04/24/2019 12:00:00 AM,06/21/2019 12:00:00 AM,Cyberattack,08/25/2010 12:00:00 AM,,Dominion Dental Services Inc.,10641,Unclear/unknown,34455,Health,"10,000-49,999",Unknown,,3164,false,,false,58,Unknown
06/03/2019 12:00:00 AM,07/02/2019 12:00:00 AM,Cyberattack,,,Backcountry Edge,10642,Unclear/unknown,566,Business,500-999,Unknown,,,false,,false,29,Unknown
06/24/2019 12:00:00 AM,07/03/2019 12:00:00 AM,Cyberattack,06/14/2019 12:00:00 AM,06/17/2019 12:00:00 AM,Riggs Wealth Management,10643,Phishing,1205,Finance,"1,000-9,999",1-99,0,10,false,3,false,9,1-99
05/14/2019 12:00:00 AM,07/13/2019 12:00:00 AM,Cyberattack,08/01/2018 12:00:00 AM,03/30/2019 12:00:00 AM,Laboratory Corporation of America Holdings (LabCorp),10645,Unclear/unknown,18330,Health,"10,000-49,999",200-299,0,286,false,241,false,60,200-299
05/06/2019 12:00:00 AM,07/15/2019 12:00:00 AM,Cyberattack,05/03/2019 12:00:00 AM,05/06/2019 12:00:00 AM,Northwood Inc.,10646,Phishing,1185,Health,"1,000-9,999",1-99,0,3,true,3,true,70,1-99
05/15/2019 12:00:00 AM,07/15/2019 12:00:00 AM,Cyberattack,03/21/2019 12:00:00 AM,,"Clinical Pathology Laboratories, Inc.",10647,Malware,1155,Health,"1,000-9,999",Unknown,,55,false,,false,61,Unknown
05/22/2018 12:00:00 AM,07/13/2018 12:00:00 AM,Cyberattack,04/20/2018 12:00:00 AM,05/22/2018 12:00:00 AM,"ComplyRight, Inc.",10648,Unclear/unknown,29322,Business,"10,000-49,999",1-99,0,32,true,32,true,52,1-99
08/28/2019 12:00:00 AM,09/09/2019 12:00:00 AM,Cyberattack,04/01/2019 12:00:00 AM,,The Union Labor Life Insurance Company,10656,Phishing,615,Finance,500-999,Unknown,,149,false,,false,12,Unknown
08/07/2020 12:00:00 AM,10/02/2020 12:00:00 AM,Cyberattack,02/26/2020 12:00:00 AM,07/21/2020 12:00:00 AM,PupBox,10682,Malware,1046,Business,"1,000-9,999",100-199,0,163,false,146,false,56,100-199
06/14/2021 12:00:00 AM,07/14/2021 12:00:00 AM,Cyberattack,02/22/2021 12:00:00 AM,06/14/2021 12:00:00 AM,"Resort Data Processing, Inc.",10696,Malware,1669,Business,"1,000-9,999",100-199,0,112,true,112,true,30,100-199
02/17/2021 12:00:00 AM,05/28/2021 12:00:00 AM,Cyberattack,02/10/2021 12:00:00 AM,,Osborn Cancer Care,10703,Malware,4305,Health,"1,000-9,999",Unknown,,7,false,,false,100,Unknown
11/30/2020 12:00:00 AM,06/22/2021 12:00:00 AM,Unauthorized Access,09/01/2020 12:00:00 AM,02/28/2021 12:00:00 AM,Made In Oregon,10725,,840,Business,500-999,100-199,90,90,true,180,false,204,100-199
06/01/2021 12:00:00 AM,07/30/2021 12:00:00 AM,Cyberattack,,,Mandere Construction / Northwestern Building Components,10788,Ransomware,781,Business,500-999,Unknown,,,false,,false,59,Unknown
07/06/2021 12:00:00 AM,08/04/2021 12:00:00 AM,Unauthorized Access,02/19/2021 12:00:00 AM,03/31/2021 12:00:00 AM,Renton Regional Fire Authority,10793,Phishing,1334,Government,"1,000-9,999",100-199,0,137,false,40,false,29,1-99
05/17/2021 12:00:00 AM,07/12/2021 12:00:00 AM,Cyberattack,05/12/2021 12:00:00 AM,05/26/2021 12:00:00 AM,Clover Park School District,10691,Ransomware,5872,Education,"1,000-9,999",1-99,9,5,true,14,false,56,1-99
07/12/2021 12:00:00 AM,08/17/2021 12:00:00 AM,Theft or Mistake,,,"BackNine Insurance and Financial Services, Inc.",10807,,866,Finance,500-999,Unknown,,,false,,false,36,Unknown
06/04/2021 12:00:00 AM,07/08/2021 12:00:00 AM,Unauthorized Access,05/28/2021 12:00:00 AM,06/04/2021 12:00:00 AM,"Forefront Management, LLC and Forefront Dermatology, S.C.",10808,,877,Health,500-999,1-99,0,7,true,7,true,34,1-99
04/26/2021 12:00:00 AM,07/13/2021 12:00:00 AM,Cyberattack,,,King County Public Health Hospital District No. 2 Dba Evergreen Health,10813,Malware,20215,Health,"10,000-49,999",Unknown,,,false,,false,78,Unknown
07/16/2020 12:00:00 AM,10/23/2020 12:00:00 AM,Unauthorized Access,07/01/2020 12:00:00 AM,07/16/2020 12:00:00 AM,"Fragomen, Del Rey, Bernsen & Loewy, LLP",10840,,581,Business,500-999,1-99,0,15,true,15,true,99,1-99
06/19/2021 12:00:00 AM,07/30/2021 12:00:00 AM,Cyberattack,06/19/2021 12:00:00 AM,06/20/2021 12:00:00 AM,Motor Trend Group LLC,10806,Unclear/unknown,1600,Business,"1,000-9,999",1-99,1,0,true,1,false,41,1-99
03/20/2021 12:00:00 AM,08/13/2021 12:00:00 AM,Cyberattack,03/16/2021 12:00:00 AM,04/13/2021 12:00:00 AM,Destination Maternity,10843,Ransomware,2237,Business,"1,000-9,999",1-99,24,4,true,28,false,146,1-99
06/11/2021 12:00:00 AM,08/23/2021 12:00:00 AM,Cyberattack,11/24/2020 12:00:00 AM,12/09/2020 12:00:00 AM,"American Freight, LLC ",10846,Malware,876,Business,500-999,100-199,0,199,false,15,false,73,1-99
08/17/2020 12:00:00 AM,08/06/2021 12:00:00 AM,Cyberattack,07/27/2020 12:00:00 AM,08/17/2020 12:00:00 AM,"Ibex Global Solutions, Inc. (“Ibex”)",10841,Ransomware,891,Business,500-999,1-99,0,21,true,21,true,354,1-99
12/18/2020 12:00:00 AM,08/24/2021 12:00:00 AM,Cyberattack,,,"SmartStart Employment Screening, Inc.",10863,Malware,639,Business,500-999,Unknown,,,false,,false,249,Unknown
06/29/2021 12:00:00 AM,08/27/2021 12:00:00 AM,Cyberattack,06/18/2021 12:00:00 AM,06/29/2021 12:00:00 AM,"CareATC, Inc.",10864,Phishing,600,Health,500-999,1-99,0,11,true,11,true,59,1-99
08/17/2020 12:00:00 AM,12/01/2020 12:00:00 AM,Unauthorized Access,05/19/2020 12:00:00 AM,08/17/2020 12:00:00 AM,Kitsap County Credit Union,10913,,3268,Finance,"1,000-9,999",1-99,0,90,true,90,true,106,1-99
07/07/2021 12:00:00 AM,09/03/2021 12:00:00 AM,Cyberattack,07/07/2021 12:00:00 AM,07/07/2021 12:00:00 AM,Famous Smoke Shop,10916,Ransomware,32950,Business,"10,000-49,999",0,0,0,true,0,true,58,0
09/15/2021 12:00:00 AM,09/22/2021 12:00:00 AM,Unauthorized Access,09/13/2021 12:00:00 AM,,"Epik Holdings, Inc.",11011,,2040,Business,"1,000-9,999",Unknown,,2,false,,false,7,Unknown
01/24/2021 12:00:00 AM,09/24/2021 12:00:00 AM,Cyberattack,01/24/2021 12:00:00 AM,01/24/2021 12:00:00 AM,Golden Entertainment,11012,Ransomware,3223,Business,"1,000-9,999",0,0,0,true,0,true,243,0
08/17/2021 12:00:00 AM,08/24/2021 12:00:00 AM,Cyberattack,07/22/2021 12:00:00 AM,,T-Mobile USA,10856,Malware,2079648,Business,"1,000,000+",Unknown,,26,false,,false,7,Unknown
07/02/2021 12:00:00 AM,08/09/2021 12:00:00 AM,Cyberattack,,,"Spreadshirt, Inc.",11029,Ransomware,911,Business,500-999,Unknown,,,false,,false,38,Unknown
09/14/2021 12:00:00 AM,09/24/2021 12:00:00 AM,Theft or Mistake,09/09/2021 12:00:00 AM,09/09/2021 12:00:00 AM,Zenith American Solutions,11033,,1687,Health,"1,000-9,999",1-99,0,5,false,0,false,10,0
03/15/2021 12:00:00 AM,08/30/2021 12:00:00 AM,Unauthorized Access,03/13/2021 12:00:00 AM,,"Hyphen, LLC",11035,,1331,Finance,"1,000-9,999",Unknown,,2,false,,false,168,Unknown
11/20/2020 12:00:00 AM,09/21/2021 12:00:00 AM,Cyberattack,03/11/2020 12:00:00 AM,12/15/2020 12:00:00 AM,"Dick Blick Holdings, Inc.",11040,Malware,690,Business,500-999,200-299,25,254,true,279,false,305,200-299
03/30/2021 12:00:00 AM,09/24/2021 12:00:00 AM,Unauthorized Access,,08/27/2021 12:00:00 AM,"Hattrup & Associates, P.S.",11041,,2839,Finance,"1,000-9,999",Unknown,150,,true,,false,178,Unknown
09/09/2021 12:00:00 AM,09/30/2021 12:00:00 AM,Unauthorized Access,05/02/2020 12:00:00 AM,05/17/2020 12:00:00 AM,"The Neiman Marcus Group, LLC (“NMG” or the “Company”)",11043,,67410,Business,"50,000-999,999",400-499,0,495,false,15,false,21,1-99
04/24/2021 12:00:00 AM,10/08/2021 12:00:00 AM,Cyberattack,04/23/2021 12:00:00 AM,04/24/2021 12:00:00 AM,Smile Brands Inc.,11100,Ransomware,108927,Health,"50,000-999,999",1-99,0,1,true,1,true,167,1-99
08/10/2021 12:00:00 AM,10/08/2021 12:00:00 AM,Cyberattack,08/08/2021 12:00:00 AM,08/10/2021 12:00:00 AM,"ReproSource Fertility Diagnostics, Inc.",11101,Ransomware,7781,Health,"1,000-9,999",1-99,0,2,true,2,true,59,1-99
07/03/2021 12:00:00 AM,10/04/2021 12:00:00 AM,Unauthorized Access,07/01/2021 12:00:00 AM,10/05/2021 12:00:00 AM,Royell Manufacturing,11106,,1145,Business,"1,000-9,999",1-99,94,2,true,96,false,93,1-99
06/14/2021 12:00:00 AM,10/11/2021 12:00:00 AM,Cyberattack,06/14/2021 12:00:00 AM,06/15/2021 12:00:00 AM,University Medical Center of Southern Nevada (UMC),11113,Unclear/unknown,3572,Health,"1,000-9,999",1-99,1,0,true,1,false,119,1-99
06/25/2020 12:00:00 AM,10/13/2021 12:00:00 AM,Cyberattack,06/25/2020 12:00:00 AM,06/25/2020 12:00:00 AM,American Osteopathic Association,11124,Ransomware,4253,Non-Profit/Charity,"1,000-9,999",0,0,0,true,0,true,475,0
09/11/2021 12:00:00 AM,10/14/2021 12:00:00 AM,Unauthorized Access,09/11/2021 12:00:00 AM,09/11/2021 12:00:00 AM,The Public School and Education Employees Retirement Systems,11125,,532,Government,500-999,0,0,0,true,0,true,33,0
11/18/2020 12:00:00 AM,10/14/2021 12:00:00 AM,Cyberattack,07/21/2020 12:00:00 AM,12/19/2020 12:00:00 AM,"Elevated Title, LLC ",11126,Phishing,685,Business,500-999,100-199,31,120,true,151,false,330,100-199
09/08/2021 12:00:00 AM,10/18/2021 12:00:00 AM,Cyberattack,07/01/2021 12:00:00 AM,07/07/2021 12:00:00 AM,World Travel Holdings,11129,Ransomware,1692,Business,"1,000-9,999",1-99,0,69,false,6,false,40,1-99
07/15/2021 12:00:00 AM,10/20/2021 12:00:00 AM,Cyberattack,07/15/2021 12:00:00 AM,,Buddhist Tzu Chi Foundation,11130,Ransomware,582,Non-Profit/Charity,500-999,Unknown,,0,false,,false,97,Unknown
08/05/2021 12:00:00 AM,10/21/2021 12:00:00 AM,Cyberattack,08/02/2021 12:00:00 AM,08/05/2021 12:00:00 AM,"Wallick & Volk, Inc.",11131,Malware,1625,Finance,"1,000-9,999",1-99,0,3,true,3,true,77,1-99
05/21/2021 12:00:00 AM,10/29/2021 12:00:00 AM,Cyberattack,05/21/2021 12:00:00 AM,05/21/2021 12:00:00 AM,"Goldwater Bank, N.A.",11192,Ransomware,762,Finance,500-999,0,0,0,true,0,true,161,0
03/16/2021 12:00:00 AM,10/21/2021 12:00:00 AM,Unauthorized Access,02/03/2021 12:00:00 AM,03/16/2021 12:00:00 AM,"SCUF Gaming International, LLC",11207,,691,Business,500-999,1-99,0,41,true,41,true,219,1-99
06/24/2021 12:00:00 AM,11/15/2021 12:00:00 AM,Cyberattack,,,Sea Mar Community Health Centers,11218,Unclear/unknown,628569,Health,"50,000-999,999",Unknown,,,false,,false,144,Unknown
06/03/2021 12:00:00 AM,10/28/2021 12:00:00 AM,Cyberattack,06/03/2021 12:00:00 AM,06/03/2021 12:00:00 AM,"Terrier Media Buyer, Inc. dba Cox Media Group",11225,Ransomware,693,Business,500-999,0,0,0,true,0,true,147,0
09/01/2021 12:00:00 AM,11/08/2021 12:00:00 AM,Unauthorized Access,,09/12/2021 12:00:00 AM,"Insureon Holdings, LLC",11226,,671,Finance,500-999,Unknown,11,,true,,false,68,Unknown
08/03/2020 12:00:00 AM,11/09/2021 12:00:00 AM,Unauthorized Access,07/31/2020 12:00:00 AM,08/04/2020 12:00:00 AM,Hoffman Construction Company,11232,,3078,Business,"1,000-9,999",1-99,1,3,true,4,false,463,1-99
12/24/2020 12:00:00 AM,11/10/2021 12:00:00 AM,Cyberattack,12/24/2020 12:00:00 AM,02/15/2021 12:00:00 AM,Christensen O’Connor Johnson Kindness PLLC,11233,Malware,815,Business,500-999,1-99,53,0,true,53,false,321,1-99
06/22/2021 12:00:00 AM,11/11/2021 12:00:00 AM,Unauthorized Access,02/18/2021 12:00:00 AM,06/29/2021 12:00:00 AM,Opportunity Council,11234,,664,Non-Profit/Charity,500-999,100-199,7,124,true,131,false,142,100-199
11/24/2020 12:00:00 AM,10/20/2021 12:00:00 AM,Cyberattack,,,Abeo Solutions Inc. d/b/a Crystal Practice Management,11235,Ransomware,6141,Health,"1,000-9,999",Unknown,,,false,,false,330,Unknown
07/02/2021 12:00:00 AM,10/20/2021 12:00:00 AM,Theft or Mistake,08/17/2020 12:00:00 AM,07/02/2021 12:00:00 AM,"J.B. Hunt Transport, Inc.",11236,,3798,Business,"1,000-9,999",300-399,0,319,true,319,true,110,300-399
08/08/2021 12:00:00 AM,10/27/2021 12:00:00 AM,Cyberattack,,,Primary Residential Mortgage,11237,Malware,1712,Finance,"1,000-9,999",Unknown,,,false,,false,80,Unknown
10/09/2021 12:00:00 AM,11/22/2021 12:00:00 AM,Cyberattack,10/09/2021 12:00:00 AM,10/15/2021 12:00:00 AM,Boeing Employees Credit Union,11238,Skimmers,657,Finance,500-999,1-99,6,0,true,6,false,44,1-99
08/05/2021 12:00:00 AM,09/30/2021 12:00:00 AM,Unauthorized Access,07/26/2021 12:00:00 AM,07/28/2021 12:00:00 AM,LPL Financial LLC,11099,,992,Finance,500-999,1-99,0,10,false,2,false,56,1-99
10/22/2021 12:00:00 AM,11/16/2021 12:00:00 AM,Cyberattack,09/26/2020 12:00:00 AM,10/27/2021 12:00:00 AM,"Diode Dynamics, L.L.C.",11256,Skimmers,1462,Business,"1,000-9,999",300-399,5,391,true,396,false,25,300-399
09/04/2021 12:00:00 AM,11/18/2021 12:00:00 AM,Cyberattack,08/29/2021 12:00:00 AM,09/04/2021 12:00:00 AM,"Utah Imaging Associates, Inc.",11257,Ransomware,895,Health,500-999,1-99,0,6,true,6,true,75,1-99
04/19/2021 12:00:00 AM,11/22/2021 12:00:00 AM,Cyberattack,04/19/2021 12:00:00 AM,04/20/2021 12:00:00 AM,One Community Health,11259,Ransomware,7945,Health,"1,000-9,999",1-99,1,0,true,1,false,217,1-99
02/08/2021 12:00:00 AM,11/22/2021 12:00:00 AM,Cyberattack,01/19/2021 12:00:00 AM,01/29/2021 12:00:00 AM,Astoria Company LLC,11260,Other,22095,Business,"10,000-49,999",1-99,0,20,false,10,false,287,1-99
08/06/2021 12:00:00 AM,11/29/2021 12:00:00 AM,Cyberattack,05/24/2021 12:00:00 AM,07/28/2021 12:00:00 AM,"DNA Diagnostics Center, Inc.",11269,Ransomware,4278,Business,"1,000-9,999",1-99,0,74,false,65,false,115,1-99
09/07/2021 12:00:00 AM,11/30/2021 12:00:00 AM,Cyberattack,08/08/2021 12:00:00 AM,08/08/2021 12:00:00 AM,"Cedar Grove Composting, Inc.",11271,Ransomware,1596,Business,"1,000-9,999",1-99,0,30,false,0,false,84,0
11/03/2021 12:00:00 AM,12/01/2021 12:00:00 AM,Cyberattack,09/19/2021 12:00:00 AM,09/22/2021 12:00:00 AM,"HealthCare, Inc. ",11272,Unclear/unknown,625,Health,500-999,1-99,0,45,false,3,false,28,1-99
06/10/2021 12:00:00 AM,12/03/2021 12:00:00 AM,Cyberattack,05/25/2021 12:00:00 AM,06/10/2021 12:00:00 AM,American Council for International Studies ,11273,Malware,3712,Business,"1,000-9,999",1-99,0,16,true,16,true,176,1-99
07/16/2021 12:00:00 AM,12/09/2021 12:00:00 AM,Cyberattack,07/13/2021 12:00:00 AM,07/16/2021 12:00:00 AM,"Mor Furniture for Less, Inc.",11274,Ransomware,731,Business,500-999,1-99,0,3,true,3,true,146,1-99
11/11/2021 12:00:00 AM,12/10/2021 12:00:00 AM,Unauthorized Access,10/25/2021 12:00:00 AM,11/11/2021 12:00:00 AM,"BioPlus Specialty Pharmacy Services, LLC",11275,,13357,Health,"10,000-49,999",1-99,0,17,true,17,true,29,1-99
11/17/2021 12:00:00 AM,11/23/2021 12:00:00 AM,Cyberattack,09/06/2021 12:00:00 AM,,"GoDaddy.com, LLC",11279,Malware,9581,Business,"1,000-9,999",Unknown,,72,false,,false,6,Unknown
08/27/2021 12:00:00 AM,11/30/2021 12:00:00 AM,Cyberattack,08/25/2021 12:00:00 AM,08/27/2021 12:00:00 AM,Seneca Family of Agencies,11281,Malware,1313,Health,"1,000-9,999",1-99,0,2,true,2,true,95,1-99
09/28/2021 12:00:00 AM,12/06/2021 12:00:00 AM,Cyberattack,09/28/2021 12:00:00 AM,,"Pawn America Minnesota, LLC",11282,Ransomware,748,Business,500-999,Unknown,,0,false,,false,69,Unknown
11/12/2021 12:00:00 AM,12/16/2021 12:00:00 AM,Cyberattack,11/11/2021 12:00:00 AM,11/12/2021 12:00:00 AM,"Cirrus Asset Management, Inc.",11285,Ransomware,568,Business,500-999,1-99,0,1,true,1,true,34,1-99
10/15/2021 12:00:00 AM,12/17/2021 12:00:00 AM,Theft or Mistake,10/01/2021 12:00:00 AM,,"Tennis Warehouse, LLC",11286,,18228,Business,"10,000-49,999",Unknown,,14,false,,false,63,Unknown
10/15/2021 12:00:00 AM,12/17/2021 12:00:00 AM,Theft or Mistake,10/01/2021 12:00:00 AM,,"Tackle Warehouse, LLC",11287,,10942,Business,"10,000-49,999",Unknown,,14,false,,false,63,Unknown
10/15/2021 12:00:00 AM,12/17/2021 12:00:00 AM,Theft or Mistake,10/01/2021 12:00:00 AM,,"Running Warehouse, LLC",11288,,17556,Business,"10,000-49,999",Unknown,,14,false,,false,63,Unknown
10/15/2021 12:00:00 AM,12/17/2021 12:00:00 AM,Theft or Mistake,10/01/2021 12:00:00 AM,,"Skate Warehouse, LLC",11289,,8655,Business,"1,000-9,999",Unknown,,14,false,,false,63,Unknown
08/12/2021 12:00:00 AM,12/17/2021 12:00:00 AM,Cyberattack,02/12/2021 12:00:00 AM,10/26/2021 12:00:00 AM,Heirloom Roses,11299,Malware,3118,Business,"1,000-9,999",200-299,75,181,true,256,false,127,200-299
11/19/2021 12:00:00 AM,01/07/2022 12:00:00 AM,Cyberattack,11/13/2021 12:00:00 AM,,"BearTooth Mapping, Inc.",11303,Malware,4774,Business,"1,000-9,999",Unknown,,6,false,,false,49,Unknown
10/10/2021 12:00:00 AM,12/30/2021 12:00:00 AM,Cyberattack,11/01/2019 12:00:00 AM,08/31/2021 12:00:00 AM,Penn LLC d/b/a PulseTV,11304,Malware,4302,Business,"1,000-9,999",500+,0,709,false,669,false,81,500+
11/16/2021 12:00:00 AM,12/20/2021 12:00:00 AM,Cyberattack,08/17/2021 12:00:00 AM,10/11/2021 12:00:00 AM,"J.C. Penney Corporation, Inc. Pension Plan",11305,Ransomware,1147,Business,"1,000-9,999",1-99,0,91,false,55,false,34,1-99
11/01/2021 12:00:00 AM,12/22/2021 12:00:00 AM,Cyberattack,04/01/2021 12:00:00 AM,11/01/2021 12:00:00 AM,Pro Wrestling Tees,11306,Malware,581,Business,500-999,200-299,0,214,true,214,true,51,200-299
12/12/2021 12:00:00 AM,12/30/2021 12:00:00 AM,Cyberattack,12/07/2021 12:00:00 AM,12/12/2021 12:00:00 AM,"McMenamins, Inc.",11321,Ransomware,4693,Business,"1,000-9,999",1-99,0,5,true,5,true,18,1-99
10/19/2021 12:00:00 AM,01/02/2022 12:00:00 AM,Cyberattack,10/15/2021 12:00:00 AM,10/19/2021 12:00:00 AM,North Broward Hospital District d/b/a Broward Health,11322,Malware,1168,Health,"1,000-9,999",1-99,0,4,true,4,true,75,1-99
09/27/2021 12:00:00 AM,01/03/2022 12:00:00 AM,Cyberattack,,09/27/2021 12:00:00 AM,Ravkoo,11323,Other,5729,Health,"1,000-9,999",Unknown,0,,true,,true,98,Unknown
11/09/2021 12:00:00 AM,01/07/2022 12:00:00 AM,Cyberattack,11/02/2021 12:00:00 AM,11/09/2021 12:00:00 AM,Medical Review Institute of America,11331,Malware,3225,Health,"1,000-9,999",1-99,0,7,true,7,true,59,1-99
12/21/2021 12:00:00 AM,01/19/2022 12:00:00 AM,Cyberattack,,12/21/2021 12:00:00 AM,Spokane Regional Health District,11332,Phishing,1058,Government,"1,000-9,999",Unknown,0,,true,,true,29,Unknown
12/21/2021 12:00:00 AM,01/19/2022 12:00:00 AM,Cyberattack,02/02/2021 12:00:00 AM,03/22/2021 12:00:00 AM,"LendUS, LLC",11336,Phishing,696,Finance,500-999,300-399,0,322,false,48,false,29,1-99
12/30/2021 12:00:00 AM,01/21/2022 12:00:00 AM,Theft or Mistake,12/27/2021 12:00:00 AM,,Boeing Employees' Credit Union,11337,,2187,Finance,"1,000-9,999",Unknown,,3,false,,false,22,Unknown
12/07/2021 12:00:00 AM,01/21/2022 12:00:00 AM,Cyberattack,03/26/2020 12:00:00 AM,04/07/2021 12:00:00 AM,"Nuna Baby Essentials, Inc. ",11374,Other,816,Business,500-999,500+,0,621,false,377,false,45,300-399
10/28/2021 12:00:00 AM,12/09/2021 12:00:00 AM,Cyberattack,10/24/2021 12:00:00 AM,11/24/2021 12:00:00 AM,Title Guaranty Company of Lewis County,11392,Ransomware,1109,Business,"1,000-9,999",1-99,27,4,true,31,false,42,1-99
12/14/2021 12:00:00 AM,01/25/2022 12:00:00 AM,Cyberattack,12/09/2021 12:00:00 AM,12/10/2021 12:00:00 AM,Aditi Consulting,11393,Other,918,Business,500-999,1-99,0,5,false,1,false,42,1-99
08/16/2021 12:00:00 AM,01/28/2022 12:00:00 AM,Cyberattack,08/16/2021 12:00:00 AM,08/17/2021 12:00:00 AM,Accutech Systems Corporation,11394,Ransomware,1376,Business,"1,000-9,999",1-99,1,0,true,1,false,165,1-99
07/01/2021 12:00:00 AM,12/14/2021 12:00:00 AM,Cyberattack,06/25/2021 12:00:00 AM,08/10/2021 12:00:00 AM,"Cities Digital, Inc.",11422,Malware,3000,Business,"1,000-9,999",1-99,40,6,true,46,false,166,1-99
11/18/2021 12:00:00 AM,12/29/2021 12:00:00 AM,Cyberattack,10/27/2021 12:00:00 AM,10/30/2021 12:00:00 AM,"Innovations Group, Inc.",11423,Malware,772,Health,500-999,1-99,0,22,false,3,false,41,1-99
11/18/2021 12:00:00 AM,01/28/2022 12:00:00 AM,Cyberattack,11/22/2021 12:00:00 AM,11/22/2021 12:00:00 AM,Keller Supply Company,11424,Ransomware,2486,Business,"1,000-9,999",0,4,-4,true,0,false,71,0
09/08/2020 12:00:00 AM,01/29/2022 12:00:00 AM,Cyberattack,09/03/2020 12:00:00 AM,09/08/2020 12:00:00 AM,Fairmount Memorial Association,11425,Ransomware,6909,Business,"1,000-9,999",1-99,0,5,true,5,true,508,1-99
11/23/2021 12:00:00 AM,01/31/2022 12:00:00 AM,Unauthorized Access,10/28/2021 12:00:00 AM,11/15/2021 12:00:00 AM,"Unum Group (""Unum"")",11427,,1610,Business,"1,000-9,999",1-99,0,26,false,18,false,69,1-99
09/16/2021 12:00:00 AM,01/31/2022 12:00:00 AM,Theft or Mistake,,,American Marriage Ministries,11428,,16727,Non-Profit/Charity,"10,000-49,999",Unknown,,,false,,false,137,Unknown
12/29/2021 12:00:00 AM,02/09/2022 12:00:00 AM,Cyberattack,,12/29/2021 12:00:00 AM,WA State Department of Transportation,11442,Other,2249,Government,"1,000-9,999",Unknown,0,,true,,true,42,Unknown
02/20/2021 12:00:00 AM,02/11/2022 12:00:00 AM,Cyberattack,01/22/2021 12:00:00 AM,02/20/2021 12:00:00 AM,"DPI Specialty Foods, Inc.",11443,Malware,610,Business,500-999,1-99,0,29,true,29,true,356,1-99
09/30/2020 12:00:00 AM,02/15/2022 12:00:00 AM,Cyberattack,04/09/2020 12:00:00 AM,10/22/2020 12:00:00 AM,Comprehensive Health Services,11450,Other,2785,Health,"1,000-9,999",100-199,22,174,true,196,false,503,100-199
01/18/2022 12:00:00 AM,02/18/2022 12:00:00 AM,Cyberattack,12/21/2021 12:00:00 AM,01/03/2022 12:00:00 AM,Virginia Mason Medical Center,11451,Phishing,3000,Health,"1,000-9,999",1-99,0,28,false,13,false,31,1-99
07/21/2021 12:00:00 AM,02/18/2022 12:00:00 AM,Cyberattack,07/15/2021 12:00:00 AM,07/21/2021 12:00:00 AM,"Welfare & Pension Administration Service, Inc. (WPAS)",11452,Malware,103557,Business,"50,000-999,999",1-99,0,6,true,6,true,212,1-99
11/22/2021 12:00:00 AM,02/22/2022 12:00:00 AM,Unauthorized Access,11/18/2021 12:00:00 AM,11/22/2021 12:00:00 AM,Logan Health Medical Center,11453,,3575,Health,"1,000-9,999",1-99,0,4,true,4,true,92,1-99
11/26/2021 12:00:00 AM,02/23/2022 12:00:00 AM,Cyberattack,11/23/2021 12:00:00 AM,11/23/2021 12:00:00 AM,"Creative Services, Inc., on behalf of relevant data owners",13146,Other,1311,Business,"1,000-9,999",1-99,0,3,false,0,false,89,0
01/24/2022 12:00:00 AM,02/24/2022 12:00:00 AM,Unauthorized Access,,,Washington State Department of Licensing,13147,,483904,Government,"50,000-999,999",Unknown,,,false,,false,31,Unknown
12/26/2021 12:00:00 AM,03/04/2022 12:00:00 AM,Cyberattack,12/17/2021 12:00:00 AM,12/26/2021 12:00:00 AM,"Wagstaff, Inc.",13148,Ransomware,2028,Business,"1,000-9,999",1-99,0,9,true,9,true,68,1-99
12/20/2021 12:00:00 AM,03/11/2022 12:00:00 AM,Unauthorized Access,12/06/2020 12:00:00 AM,12/20/2020 12:00:00 AM,"American Financial Resources, Inc.",13162,,6581,Finance,"1,000-9,999",300-399,0,379,false,14,false,81,1-99
07/05/2021 12:00:00 AM,03/15/2022 12:00:00 AM,Cyberattack,07/02/2021 12:00:00 AM,07/04/2021 12:00:00 AM,Chelan Douglas Health District,13163,Malware,108906,Health,"50,000-999,999",1-99,0,3,false,2,false,253,1-99
09/03/2021 12:00:00 AM,03/14/2022 12:00:00 AM,Cyberattack,09/03/2021 12:00:00 AM,09/03/2021 12:00:00 AM,Marker Group Inc.,13164,Ransomware,1493,Business,"1,000-9,999",0,0,0,true,0,true,192,0
02/06/2022 12:00:00 AM,03/16/2022 12:00:00 AM,Unauthorized Access,01/13/2022 12:00:00 AM,02/06/2022 12:00:00 AM,Sarku Japan,13215,Other,729,Business,500-999,1-99,0,24,true,24,true,38,1-99
12/06/2021 12:00:00 AM,03/18/2022 12:00:00 AM,Unauthorized Access,10/27/2021 12:00:00 AM,12/07/2021 12:00:00 AM,"Lakeview Loan Servicing, LLC",13216,,156630,Finance,"50,000-999,999",1-99,1,40,true,41,false,102,1-99
02/24/2022 12:00:00 AM,03/21/2022 12:00:00 AM,Cyberattack,02/23/2022 12:00:00 AM,03/23/2022 12:00:00 AM,Spokane Regional Health District,13217,Phishing,1260,Government,"1,000-9,999",1-99,27,1,true,28,false,25,1-99
08/01/2021 12:00:00 AM,03/21/2022 12:00:00 AM,Unauthorized Access,07/20/2021 12:00:00 AM,09/02/2021 12:00:00 AM,"Morley Companies, Inc.",13221,,42633,Business,"10,000-49,999",1-99,32,12,true,44,false,232,1-99
11/12/2021 12:00:00 AM,03/22/2022 12:00:00 AM,Cyberattack,11/10/2021 12:00:00 AM,11/17/2021 12:00:00 AM,"Horizon Actuarial Services, LLC",13222,Other,53256,Business,"50,000-999,999",1-99,5,2,true,7,false,130,1-99
03/04/2021 12:00:00 AM,03/23/2022 12:00:00 AM,Cyberattack,09/08/2020 12:00:00 AM,11/24/2021 12:00:00 AM,"Leerburg Enterprises, Inc.",13223,Skimmers,634,Business,500-999,400-499,265,177,true,442,false,384,400-499
03/10/2022 12:00:00 AM,03/25/2022 12:00:00 AM,Cyberattack,07/14/2021 12:00:00 AM,08/19/2021 12:00:00 AM,"Christie Business Holdings Company, P.C.",13227,Phishing,694,Health,500-999,200-299,0,239,false,36,false,15,1-99
10/03/2021 12:00:00 AM,03/25/2022 12:00:00 AM,Cyberattack,09/30/2021 12:00:00 AM,10/04/2021 12:00:00 AM,"Marten Transport, Ltd.",13228,Ransomware,521,Business,500-999,1-99,1,3,true,4,false,173,1-99
02/18/2022 12:00:00 AM,04/05/2022 12:00:00 AM,Unauthorized Access,10/09/2021 12:00:00 AM,02/18/2022 12:00:00 AM,Sterling Valley Systems d/b/a Inntopia,13263,,13396,Business,"10,000-49,999",100-199,0,132,true,132,true,46,100-199
12/06/2021 12:00:00 AM,04/06/2022 12:00:00 AM,Unauthorized Access,10/27/2021 12:00:00 AM,12/07/2021 12:00:00 AM,"Pingora Loan Servicing, LLC",13264,,52606,Finance,"50,000-999,999",1-99,1,40,true,41,false,121,1-99
07/04/2021 12:00:00 AM,04/06/2022 12:00:00 AM,Cyberattack,02/02/2021 12:00:00 AM,07/09/2021 12:00:00 AM,"DialAmerica Marketing, Inc.",13265,Ransomware,621,Business,500-999,100-199,5,152,true,157,false,276,100-199
02/04/2022 12:00:00 AM,04/07/2022 12:00:00 AM,Cyberattack,02/04/2022 12:00:00 AM,,PBS Engineering and Environmental,13270,Ransomware,691,Business,500-999,Unknown,,0,false,,false,62,Unknown
06/28/2021 12:00:00 AM,04/08/2022 12:00:00 AM,Unauthorized Access,06/28/2021 12:00:00 AM,06/28/2021 12:00:00 AM,Stevens & Lee,13271,,1028,Business,"1,000-9,999",0,0,0,true,0,true,284,0
01/08/2022 12:00:00 AM,04/12/2022 12:00:00 AM,Unauthorized Access,12/28/2021 12:00:00 AM,01/08/2022 12:00:00 AM,Illuminate Education,13290,,1743,Education,"1,000-9,999",1-99,0,11,true,11,true,94,1-99
02/05/2022 12:00:00 AM,04/14/2022 12:00:00 AM,Cyberattack,02/02/2022 12:00:00 AM,02/03/2022 12:00:00 AM,"AUTOPAY Direct, Inc. ",13291,Ransomware,831,Finance,500-999,1-99,0,3,false,1,false,68,1-99
03/15/2022 12:00:00 AM,04/15/2022 12:00:00 AM,Cyberattack,02/17/2022 12:00:00 AM,03/15/2022 12:00:00 AM,PlanMember Securities Corporation,13292,Phishing,4231,Finance,"1,000-9,999",1-99,0,26,true,26,true,31,1-99
03/01/2022 12:00:00 AM,04/22/2022 12:00:00 AM,Cyberattack,12/04/2021 12:00:00 AM,12/04/2021 12:00:00 AM,King County Public Hospital District No. 2,13311,Other,19092,Health,"10,000-49,999",1-99,0,87,false,0,false,52,0
02/22/2022 12:00:00 AM,04/07/2022 12:00:00 AM,Unauthorized Access,,,"IMCO General Construction, Inc.",13328,,1442,Business,"1,000-9,999",Unknown,,,false,,false,44,Unknown
03/03/2022 12:00:00 AM,04/14/2022 12:00:00 AM,Unauthorized Access,,,Snap-On Incorporated,13329,,531,Business,500-999,Unknown,,,false,,false,42,Unknown
04/30/2022 12:00:00 AM,05/26/2022 12:00:00 AM,Cyberattack,03/26/2022 12:00:00 AM,04/02/2022 12:00:00 AM,Boeing Employees' Credit Union,13646,Skimmers,717,Finance,500-999,1-99,0,35,false,7,false,26,1-99
05/11/2023 12:00:00 AM,05/19/2023 12:00:00 AM,Unauthorized Access,,,University of Puget Sound,15130,,623,Education,500-999,Unknown,,,false,,false,8,Unknown
06/01/2023 12:00:00 AM,12/04/2023 12:00:00 AM,Unauthorized Access,,,Pan-American Life Insurance Group,16005,,616,Finance,500-999,Unknown,,,false,,false,186,Unknown
01/06/2022 12:00:00 AM,10/19/2022 12:00:00 AM,Cyberattack,10/14/2022 12:00:00 AM,10/14/2022 12:00:00 AM,Country Doctor Community Health Clinic,13950,Ransomware,21600,Health,"10,000-49,999",0,281,-281,true,0,false,286,0
04/26/2022 12:00:00 AM,10/10/2022 12:00:00 AM,Theft or Mistake,03/30/2022 12:00:00 AM,04/25/2022 12:00:00 AM,Bellevue School District No. 405,13925,,573,Education,500-999,1-99,0,27,false,26,false,167,1-99
03/21/2022 12:00:00 AM,10/04/2022 12:00:00 AM,Cyberattack,05/14/2021 12:00:00 AM,04/08/2022 12:00:00 AM,Columbia River Mental Health Services,13914,Phishing,17020,Health,"10,000-49,999",300-399,18,311,true,329,false,197,300-399
09/05/2022 12:00:00 AM,10/04/2022 12:00:00 AM,Cyberattack,07/18/2022 12:00:00 AM,08/03/2022 12:00:00 AM,"Philippine Airlines, Inc.",13912,Ransomware,505,Business,500-999,1-99,0,49,false,16,false,29,1-99
09/29/2022 12:00:00 AM,10/17/2022 12:00:00 AM,Cyberattack,09/28/2022 12:00:00 AM,09/28/2022 12:00:00 AM,North Pacific Paper Company,13902,Ransomware,972,Business,500-999,1-99,0,1,false,0,false,18,0
08/02/2022 12:00:00 AM,09/30/2022 12:00:00 AM,Cyberattack,06/01/2022 12:00:00 AM,08/03/2022 12:00:00 AM,focusIT,13868,Phishing,4902,Business,"1,000-9,999",1-99,1,62,true,63,false,59,1-99
08/12/2022 12:00:00 AM,09/29/2022 12:00:00 AM,Unauthorized Access,05/17/2022 12:00:00 AM,05/31/2022 12:00:00 AM,"City of Tucson, AZ",13867,,664,Government,500-999,1-99,0,87,false,14,false,48,1-99
07/29/2022 12:00:00 AM,10/04/2022 12:00:00 AM,Cyberattack,09/06/2022 12:00:00 AM,09/06/2022 12:00:00 AM,Whitworth University,13865,Ransomware,41746,Education,"10,000-49,999",0,39,-39,true,0,false,67,0
02/03/2022 12:00:00 AM,09/29/2022 12:00:00 AM,Cyberattack,02/01/2022 12:00:00 AM,02/03/2022 12:00:00 AM,"Swissport North America, Inc.",13863,Ransomware,1131,Business,"1,000-9,999",1-99,0,2,true,2,true,238,1-99
08/24/2022 12:00:00 AM,09/22/2022 12:00:00 AM,Cyberattack,05/18/2022 12:00:00 AM,06/02/2022 12:00:00 AM,University of Washington/UW Medicine,13862,Ransomware,3707,Health,"1,000-9,999",1-99,0,98,false,15,false,29,1-99
06/30/2022 12:00:00 AM,09/21/2022 12:00:00 AM,Cyberattack,05/18/2022 12:00:00 AM,06/01/2022 12:00:00 AM,Seattle Children's Hospital,13846,Ransomware,6240,Health,"1,000-9,999",1-99,0,43,false,14,false,83,1-99
12/02/2021 12:00:00 AM,09/15/2022 12:00:00 AM,Cyberattack,10/30/2021 12:00:00 AM,11/17/2021 12:00:00 AM,"WellDyneRx, LLC",13845,Phishing,585,Health,500-999,1-99,0,33,false,18,false,287,1-99
07/29/2022 12:00:00 AM,09/11/2022 12:00:00 AM,Cyberattack,09/20/2020 12:00:00 AM,02/02/2022 12:00:00 AM,Silver Superstore ,13844,Malware,927,Business,500-999,500+,0,677,false,500,false,44,500+
09/07/2022 12:00:00 AM,09/09/2022 12:00:00 AM,Unauthorized Access,11/05/2021 12:00:00 AM,04/05/2022 12:00:00 AM,"U-Haul International, Inc.",13843,,61770,Business,"50,000-999,999",300-399,0,306,false,151,false,2,100-199
08/04/2021 12:00:00 AM,09/09/2022 12:00:00 AM,Cyberattack,12/22/2020 12:00:00 AM,08/03/2021 12:00:00 AM,"Radiology Associates of Albuquerque and Advanced Imaging, LL",13842,Ransomware,882,Health,500-999,200-299,0,225,false,224,false,401,200-299
07/28/2022 12:00:00 AM,09/02/2022 12:00:00 AM,Cyberattack,07/22/2022 12:00:00 AM,07/29/2022 12:00:00 AM,"Samsung Electronics America, Inc. ",13840,Unclear/unknown,174929,Business,"50,000-999,999",1-99,1,6,true,7,false,36,1-99
07/29/2022 12:00:00 AM,09/01/2022 12:00:00 AM,Cyberattack,09/18/2020 12:00:00 AM,02/03/2022 12:00:00 AM,Vermont Nut Free Chocolates,13836,Malware,521,Business,500-999,500+,0,679,false,503,false,34,500+
02/27/2022 12:00:00 AM,08/29/2022 12:00:00 AM,Cyberattack,02/09/2022 12:00:00 AM,02/27/2022 12:00:00 AM,"Bridgestone Americas, Inc.",13835,Ransomware,1066,Business,"1,000-9,999",1-99,0,18,true,18,true,183,1-99
07/26/2022 12:00:00 AM,09/12/2022 12:00:00 AM,Cyberattack,09/17/2020 12:00:00 AM,02/03/2022 12:00:00 AM,Wilson's Gun Shop Inc. d/b/a Wilson Combat,13825,Malware,3788,Business,"1,000-9,999",500+,0,677,false,504,false,48,500+
08/21/2022 12:00:00 AM,09/20/2022 12:00:00 AM,Unauthorized Access,04/27/2022 12:00:00 AM,05/03/2022 12:00:00 AM,"Newcourse Communications, Inc.",13824,,13214,Finance,"10,000-49,999",100-199,0,116,false,6,false,30,1-99
08/05/2022 12:00:00 AM,09/08/2022 12:00:00 AM,Unauthorized Access,05/07/2022 12:00:00 AM,,"Humana, Inc.",13823,,639,Health,500-999,Unknown,,90,false,,false,34,Unknown
07/20/2022 12:00:00 AM,08/29/2022 12:00:00 AM,Unauthorized Access,01/03/2021 12:00:00 AM,07/19/2022 12:00:00 AM,"Neopets, Inc.",13822,,788415,Business,"50,000-999,999",500+,0,563,false,562,false,40,500+
10/22/2021 12:00:00 AM,08/26/2022 12:00:00 AM,Cyberattack,10/22/2021 12:00:00 AM,,"Warner Norcross & Judd, LLP",13820,Ransomware,780,Business,500-999,Unknown,,0,false,,false,308,Unknown
07/21/2022 12:00:00 AM,08/26/2022 12:00:00 AM,Cyberattack,06/01/2022 12:00:00 AM,07/22/2022 12:00:00 AM,"Nelnet Servicing, LLC",13732,Other,35151,Business,"10,000-49,999",1-99,1,50,true,51,false,36,1-99
08/04/2022 12:00:00 AM,08/26/2022 12:00:00 AM,Unauthorized Access,05/26/2022 12:00:00 AM,07/12/2022 12:00:00 AM,KeyBank,13731,,54295,Finance,"50,000-999,999",1-99,0,70,false,47,false,22,1-99
06/06/2022 12:00:00 AM,07/25/2022 12:00:00 AM,Unauthorized Access,,,Boeing Employees Credit Union,13705,,305987,Finance,"50,000-999,999",Unknown,,,false,,false,49,Unknown
09/15/2021 12:00:00 AM,11/15/2021 12:00:00 AM,Cyberattack,,09/15/2021 12:00:00 AM,California Pizza Kitchen,11251,Ransomware,1095,Business,"1,000-9,999",Unknown,0,,true,,true,61,Unknown
08/02/2022 12:00:00 AM,08/18/2022 12:00:00 AM,Cyberattack,09/18/2020 12:00:00 AM,02/03/2022 12:00:00 AM,"Sturm, Ruger & Company, Inc.",13681,Malware,4866,Business,"1,000-9,999",500+,0,683,false,503,false,16,500+
03/03/2022 12:00:00 AM,08/16/2022 12:00:00 AM,Cyberattack,09/18/2020 12:00:00 AM,02/03/2022 12:00:00 AM,"Burnt Ridge Nursery and Orchards, Inc.",13678,Malware,2619,Business,"1,000-9,999",500+,0,531,false,503,false,166,500+
10/22/2021 12:00:00 AM,08/15/2022 12:00:00 AM,Cyberattack,10/22/2021 12:00:00 AM,,"Warner Norcross & Judd, LLP",13664,Ransomware,747,Business,500-999,Unknown,,0,false,,false,297,Unknown
06/14/2022 12:00:00 AM,08/12/2022 12:00:00 AM,Unauthorized Access,06/13/2022 12:00:00 AM,06/14/2022 12:00:00 AM,Overlake Medical Center & Clinics,13663,,519,Health,500-999,1-99,0,1,true,1,true,59,1-99
07/11/2022 12:00:00 AM,08/11/2022 12:00:00 AM,Cyberattack,07/10/2022 12:00:00 AM,,Audience Rewards,13662,Ransomware,545,Business,500-999,Unknown,,1,false,,false,31,Unknown
11/12/2021 12:00:00 AM,08/03/2022 12:00:00 AM,Cyberattack,11/09/2021 12:00:00 AM,11/12/2021 12:00:00 AM,Marymount Manhattan College,13658,Ransomware,1016,Education,"1,000-9,999",1-99,0,3,true,3,true,264,1-99
01/08/2022 12:00:00 AM,08/02/2022 12:00:00 AM,Unauthorized Access,12/28/2021 12:00:00 AM,01/08/2022 12:00:00 AM,Illuminate Education on behalf of Federal Way School Distric,13650,,36773,Education,"10,000-49,999",1-99,0,11,true,11,true,206,1-99
06/26/2022 12:00:00 AM,07/28/2022 12:00:00 AM,Cyberattack,,,Whatcom County Library System,13649,Ransomware,630,Government,500-999,Unknown,,,false,,false,32,Unknown
04/28/2022 12:00:00 AM,07/27/2022 12:00:00 AM,Cyberattack,04/27/2022 12:00:00 AM,04/28/2022 12:00:00 AM,"OneTouchPoint, Inc.",13648,Ransomware,1321,Business,"1,000-9,999",1-99,0,1,true,1,true,90,1-99
04/21/2022 12:00:00 AM,07/26/2022 12:00:00 AM,Cyberattack,04/21/2022 12:00:00 AM,05/01/2022 12:00:00 AM,DigiPen Institute of Technology,13647,Ransomware,5164,Education,"1,000-9,999",1-99,10,0,true,10,false,96,1-99
12/23/2021 12:00:00 AM,08/05/2022 12:00:00 AM,Cyberattack,11/29/2021 12:00:00 AM,,R. R. Donnelley & Sons Company (RRD),13645,Phishing,648,Business,500-999,Unknown,,24,false,,false,225,Unknown
03/17/2022 12:00:00 AM,06/27/2022 12:00:00 AM,Unauthorized Access,01/19/2022 12:00:00 AM,03/17/2022 12:00:00 AM,"Avamere Health Services, LLC ",13622,,65076,Health,"50,000-999,999",1-99,0,57,true,57,true,102,1-99
03/28/2022 12:00:00 AM,07/22/2022 12:00:00 AM,Cyberattack,03/07/2022 12:00:00 AM,03/21/2022 12:00:00 AM,"Shields Health Care Group, Inc.",13595,Malware,1018,Health,"1,000-9,999",1-99,0,21,false,14,false,116,1-99
06/28/2022 12:00:00 AM,07/22/2022 12:00:00 AM,Theft or Mistake,06/24/2022 12:00:00 AM,06/24/2022 12:00:00 AM,Sound Health & Wellness Trust c/o Zenith American Solutions,13593,,36994,Health,"10,000-49,999",1-99,0,4,false,0,false,24,0
03/17/2022 12:00:00 AM,07/19/2022 12:00:00 AM,Cyberattack,07/23/2019 12:00:00 AM,03/08/2022 12:00:00 AM,"PPA Holdings, Inc.",13592,Malware,629,Business,500-999,500+,0,968,false,959,false,124,500+
04/29/2022 12:00:00 AM,07/18/2022 12:00:00 AM,Cyberattack,04/27/2022 12:00:00 AM,05/12/2022 12:00:00 AM,Premera Blue Cross,13591,Ransomware,1303,Health,"1,000-9,999",1-99,13,2,true,15,false,80,1-99
06/16/2022 12:00:00 AM,07/14/2022 12:00:00 AM,Cyberattack,04/27/2022 12:00:00 AM,06/03/2022 12:00:00 AM,"Coordinated Care of Washington, Inc. & Coordinated Care Corp",13590,Ransomware,1021,Health,"1,000-9,999",1-99,0,50,false,37,false,28,1-99
07/11/2022 12:00:00 AM,07/25/2022 12:00:00 AM,Unauthorized Access,,,City of Bellingham (Bellingham Public Library),13581,,735,Government,500-999,Unknown,,,false,,false,14,Unknown
01/12/2022 12:00:00 AM,07/13/2022 12:00:00 AM,Cyberattack,04/09/2021 12:00:00 AM,12/28/2021 12:00:00 AM,"United Marketing, Inc.",13577,Other,4639,Business,"1,000-9,999",200-299,0,278,false,263,false,182,200-299
06/07/2021 12:00:00 AM,07/11/2022 12:00:00 AM,Cyberattack,,06/07/2021 12:00:00 AM,"Afni, Inc.",13576,Ransomware,3818,Business,"1,000-9,999",Unknown,0,,true,,true,399,Unknown
12/15/2021 12:00:00 AM,07/01/2022 12:00:00 AM,Cyberattack,10/18/2021 12:00:00 AM,12/11/2021 12:00:00 AM,Fuller & Fuller,13575,Phishing,704,Business,500-999,1-99,0,58,false,54,false,198,1-99
12/15/2021 12:00:00 AM,07/01/2022 12:00:00 AM,Cyberattack,10/18/2021 12:00:00 AM,12/11/2021 12:00:00 AM,Fuller & Fuller,13574,Phishing,704,Business,500-999,1-99,0,58,false,54,false,198,1-99
03/12/2022 12:00:00 AM,07/08/2022 12:00:00 AM,Cyberattack,03/12/2022 12:00:00 AM,04/14/2022 12:00:00 AM,Heritage Life Insurance Company,13573,Ransomware,1277,Business,"1,000-9,999",1-99,33,0,true,33,false,118,1-99
02/26/2022 12:00:00 AM,07/01/2022 12:00:00 AM,Cyberattack,02/22/2022 12:00:00 AM,02/26/2022 12:00:00 AM,Professional Finance Company,13572,Ransomware,18346,Finance,"10,000-49,999",1-99,0,4,true,4,true,125,1-99
04/17/2022 12:00:00 AM,06/23/2022 12:00:00 AM,Theft or Mistake,04/17/2022 12:00:00 AM,04/17/2022 12:00:00 AM,"New Schryver, LLC d/b/a TridentCare",13571,,554,Health,500-999,0,0,0,true,0,true,67,0
06/03/2022 12:00:00 AM,07/01/2022 12:00:00 AM,Cyberattack,,,Lending Tree,13570,Malware,901,Finance,500-999,Unknown,,,false,,false,28,Unknown
04/18/2022 12:00:00 AM,06/15/2022 12:00:00 AM,Theft or Mistake,04/16/2022 12:00:00 AM,04/16/2022 12:00:00 AM,UW Medicine (UW Medical Center - Northwest Campus),13511,,739,Health,500-999,1-99,0,2,false,0,false,58,0
04/15/2022 12:00:00 AM,06/14/2022 12:00:00 AM,Cyberattack,12/04/2021 12:00:00 AM,12/04/2021 12:00:00 AM,"Sight Partners Physicians, P.C.",13508,Unclear/unknown,83848,Health,"50,000-999,999",100-199,0,132,false,0,false,60,0
12/27/2021 12:00:00 AM,06/10/2022 12:00:00 AM,Cyberattack,12/23/2021 12:00:00 AM,12/27/2021 12:00:00 AM,Alliance Physical Therapy Partners,13506,Ransomware,2162,Health,"1,000-9,999",1-99,0,4,true,4,true,165,1-99
05/14/2022 12:00:00 AM,06/08/2022 12:00:00 AM,Unauthorized Access,05/07/2022 12:00:00 AM,05/07/2022 12:00:00 AM,"Choice Health Insurance, LLC",13505,,1844,Health,"1,000-9,999",1-99,0,7,false,0,false,25,0
12/03/2021 12:00:00 AM,06/17/2022 12:00:00 AM,Unauthorized Access,12/03/2021 12:00:00 AM,12/04/2021 12:00:00 AM,"Flagstar Bank, FSB",13499,,34026,Finance,"10,000-49,999",1-99,1,0,true,1,false,196,1-99
12/18/2021 12:00:00 AM,06/23/2022 12:00:00 AM,Cyberattack,05/21/2021 12:00:00 AM,12/18/2021 12:00:00 AM,Great Smoky Mountains Association,13498,Malware,2862,Non-Profit/Charity,"1,000-9,999",200-299,0,211,true,211,true,187,200-299
05/04/2022 12:00:00 AM,06/22/2022 12:00:00 AM,Unauthorized Access,12/28/2021 12:00:00 AM,01/08/2022 12:00:00 AM,Renton School District,13493,,20509,Education,"10,000-49,999",100-199,0,127,false,11,false,49,1-99
04/20/2022 12:00:00 AM,06/15/2022 12:00:00 AM,Cyberattack,03/31/2022 12:00:00 AM,04/24/2022 12:00:00 AM,Baptist Medical Center,13492,Malware,920,Health,500-999,1-99,4,20,true,24,false,56,1-99
03/28/2022 12:00:00 AM,06/06/2022 12:00:00 AM,Cyberattack,01/23/2022 12:00:00 AM,04/05/2022 12:00:00 AM,Numrich Gun Parts Corporation,13472,Malware,1327,Business,"1,000-9,999",1-99,8,64,true,72,false,70,1-99
03/10/2022 12:00:00 AM,06/03/2022 12:00:00 AM,Cyberattack,03/10/2022 12:00:00 AM,03/17/2022 12:00:00 AM,"On Deck Capital, Inc.",13471,Other,1157,Finance,"1,000-9,999",1-99,7,0,true,7,false,85,1-99
04/05/2022 12:00:00 AM,06/03/2022 12:00:00 AM,Cyberattack,04/05/2022 12:00:00 AM,04/05/2022 12:00:00 AM,Kaiser Foundation Health Plan of Washington,13470,Phishing,69589,Health,"50,000-999,999",0,0,0,true,0,true,59,0
10/20/2021 12:00:00 AM,06/03/2022 12:00:00 AM,Theft or Mistake,11/01/2021 12:00:00 AM,11/06/2021 12:00:00 AM,Varsity Tutors LLC,13469,,655,Business,500-999,1-99,17,-12,true,5,false,226,1-99
04/21/2022 12:00:00 AM,06/02/2022 12:00:00 AM,Cyberattack,06/01/2021 12:00:00 AM,01/19/2022 12:00:00 AM,Rainier Arms,13468,Malware,6493,Business,"1,000-9,999",300-399,0,324,false,232,false,42,200-299
02/21/2021 12:00:00 AM,06/02/2022 12:00:00 AM,Cyberattack,02/02/2021 12:00:00 AM,02/21/2021 12:00:00 AM,The Lanier Law Firm  ,13467,Ransomware,1479,Business,"1,000-9,999",1-99,0,19,true,19,true,466,1-99
12/17/2021 12:00:00 AM,05/27/2022 12:00:00 AM,Cyberattack,12/10/2021 12:00:00 AM,12/14/2021 12:00:00 AM,Lower LLC,13450,Ransomware,3806,Finance,"1,000-9,999",1-99,0,7,false,4,false,161,1-99
11/18/2021 12:00:00 AM,05/27/2022 12:00:00 AM,Cyberattack,11/04/2021 12:00:00 AM,11/18/2021 12:00:00 AM,"Private Client Services, LLC",13449,Phishing,518,Finance,500-999,1-99,0,14,true,14,true,190,1-99
10/17/2021 12:00:00 AM,04/27/2022 12:00:00 AM,Unauthorized Access,,,"Medscan Laboratory, Inc. (Adaptive Health Integrations",13448,,2968,Health,"1,000-9,999",Unknown,,,false,,false,192,Unknown
12/13/2021 12:00:00 AM,05/26/2022 12:00:00 AM,Cyberattack,12/03/2021 12:00:00 AM,12/15/2021 12:00:00 AM,"Shutterfly, LLC",13447,Ransomware,1273,Business,"1,000-9,999",1-99,2,10,true,12,false,164,1-99
02/25/2022 12:00:00 AM,05/26/2022 12:00:00 AM,Unauthorized Access,12/29/2020 12:00:00 AM,03/01/2022 12:00:00 AM,Aon Plc,13446,,6889,Finance,"1,000-9,999",400-499,4,423,true,427,false,90,400-499
03/26/2022 12:00:00 AM,05/25/2022 12:00:00 AM,Unauthorized Access,03/25/2022 12:00:00 AM,03/26/2022 12:00:00 AM,Fred Hutchinson Cancer Center,13445,,78834,Health,"50,000-999,999",1-99,0,1,true,1,true,60,1-99
04/25/2022 12:00:00 AM,05/25/2022 12:00:00 AM,Cyberattack,03/26/2022 12:00:00 AM,04/01/2022 12:00:00 AM,"Elephant Insurance Services, LLC",13444,Other,937,Business,500-999,1-99,0,30,false,6,false,30,1-99
12/31/2021 12:00:00 AM,04/08/2022 12:00:00 AM,Unauthorized Access,12/28/2021 12:00:00 AM,12/30/2021 12:00:00 AM,EMC National Life Company,13407,,2666,Finance,"1,000-9,999",1-99,0,3,false,2,false,98,1-99
10/30/2021 12:00:00 AM,05/23/2022 12:00:00 AM,Unauthorized Access,10/30/2021 12:00:00 AM,10/30/2021 12:00:00 AM,"C.R. England, Inc.",13400,Ransomware,4143,Business,"1,000-9,999",0,0,0,true,0,true,205,0
03/19/2022 12:00:00 AM,05/18/2022 12:00:00 AM,Cyberattack,03/19/2022 12:00:00 AM,03/19/2022 12:00:00 AM,Partnership HealthPlan of California,13399,Ransomware,1352,Health,"1,000-9,999",0,0,0,true,0,true,60,0
03/14/2022 12:00:00 AM,05/12/2022 12:00:00 AM,Unauthorized Access,03/11/2022 12:00:00 AM,03/14/2022 12:00:00 AM,Parker-Hannifin Corporation,13398,,4597,Business,"1,000-9,999",1-99,0,3,true,3,true,59,1-99
06/11/2021 12:00:00 AM,05/06/2022 12:00:00 AM,Cyberattack,06/06/2021 12:00:00 AM,06/10/2021 12:00:00 AM,Cornish College of the Arts ,13397,Ransomware,72139,Education,"50,000-999,999",1-99,0,5,false,4,false,329,1-99
01/02/2022 12:00:00 AM,05/03/2022 12:00:00 AM,Theft or Mistake,12/31/2021 12:00:00 AM,12/31/2021 12:00:00 AM,"Wells Fargo Bank, N.A.",13377,,1511,Finance,"1,000-9,999",1-99,0,2,false,0,false,121,0
03/28/2022 12:00:00 AM,04/28/2022 12:00:00 AM,Theft or Mistake,03/28/2022 12:00:00 AM,,Washington Department of Labor & Industries,13376,,,Government,Unknown,Unknown,,0,false,,false,31,Unknown
01/28/2022 12:00:00 AM,04/18/2022 12:00:00 AM,Cyberattack,11/10/2021 12:00:00 AM,11/11/2021 12:00:00 AM,UNITE HERE Retirement Fund,13367,Ransomware,584,Finance,500-999,1-99,0,79,false,1,false,80,1-99
09/26/2021 12:00:00 AM,03/25/2022 12:00:00 AM,Unauthorized Access,09/10/2021 12:00:00 AM,09/29/2021 12:00:00 AM,"Lincare Holdings, Inc.",13355,,37050,Health,"10,000-49,999",1-99,3,16,true,19,false,180,1-99
08/03/2023 12:00:00 AM,02/29/2024 12:00:00 AM,Cyberattack,07/13/2023 12:00:00 AM,08/03/2023 12:00:00 AM,Renton School District ,16485,Ransomware,18891,Education,"10,000-49,999",1-99,0,21,true,21,true,210,1-99
01/03/2024 12:00:00 AM,02/15/2024 12:00:00 AM,Cyberattack,01/03/2024 12:00:00 AM,01/05/2024 12:00:00 AM,"loanDepot.com, LLC",16447,Ransomware,502513,Finance,"50,000-999,999",1-99,2,0,true,2,false,43,1-99
10/20/2023 12:00:00 AM,02/23/2024 12:00:00 AM,Cyberattack,10/20/2023 12:00:00 AM,10/20/2023 12:00:00 AM,UNITE HERE,16446,Ransomware,76574,Business,"50,000-999,999",0,0,0,true,0,true,126,0
12/05/2023 12:00:00 AM,02/22/2024 12:00:00 AM,Unauthorized Access,07/20/2023 12:00:00 AM,10/02/2023 12:00:00 AM,"U-Haul International, Inc.",16445,,16460,Business,"10,000-49,999",100-199,0,138,false,74,false,79,1-99
12/19/2023 12:00:00 AM,02/02/2024 12:00:00 AM,Cyberattack,12/05/2023 12:00:00 AM,12/22/2023 12:00:00 AM,Sage Home Loans Corp. f/k/a Lenox Financial Mortgage Corp.,16444,Ransomware,700,Finance,500-999,1-99,3,14,true,17,false,45,1-99
10/30/2023 12:00:00 AM,02/02/2024 12:00:00 AM,Unauthorized Access,10/29/2023 12:00:00 AM,11/02/2023 12:00:00 AM,Infosys McCamish Systems LLC,16443,,857,Finance,500-999,1-99,3,1,true,4,false,95,1-99
11/29/2023 12:00:00 AM,01/30/2024 12:00:00 AM,Cyberattack,11/28/2023 12:00:00 AM,11/29/2023 12:00:00 AM,Bankers Life and Casualty Company,16442,Other,865,Business,500-999,1-99,0,1,true,1,true,62,1-99
10/14/2023 12:00:00 AM,01/26/2024 12:00:00 AM,Cyberattack,09/27/2023 12:00:00 AM,12/05/2023 12:00:00 AM,"Henry Schein, Inc.",16441,Ransomware,588,Business,500-999,1-99,52,17,true,69,false,104,1-99
09/22/2023 12:00:00 AM,12/05/2023 12:00:00 AM,Cyberattack,,,Elixir RX Solutions (Welltok),16399,Other,544,Finance,500-999,Unknown,,,false,,false,74,Unknown
09/22/2023 12:00:00 AM,12/22/2023 12:00:00 AM,Cyberattack,05/30/2023 12:00:00 AM,,"United Healthcare Services, Inc. (Welltok)",16398,Other,9938,Finance,"1,000-9,999",Unknown,,115,false,,false,91,Unknown
10/27/2023 12:00:00 AM,01/08/2024 12:00:00 AM,Cyberattack,05/30/2023 12:00:00 AM,,Highmark Blue Cross Blue Shield (Welltok),16394,Other,504,Finance,500-999,Unknown,,150,false,,false,73,Unknown
10/30/2023 12:00:00 AM,02/02/2024 12:00:00 AM,Unauthorized Access,10/25/2023 12:00:00 AM,10/26/2023 12:00:00 AM,"Advarra, Inc.",16349,,1066,Health,"1,000-9,999",1-99,0,5,false,1,false,95,1-99
12/14/2023 12:00:00 AM,02/07/2024 12:00:00 AM,Unauthorized Access,05/27/2023 12:00:00 AM,05/30/2023 12:00:00 AM,"Lineage, Inc (Delta Dental of California)",16348,,844,Business,500-999,200-299,0,201,false,3,false,55,1-99
11/28/2023 12:00:00 AM,02/06/2024 12:00:00 AM,Cyberattack,11/27/2023 12:00:00 AM,11/28/2023 12:00:00 AM,INTEGRIS Health,16347,Other,2120,Health,"1,000-9,999",1-99,0,1,true,1,true,70,1-99
06/01/2023 12:00:00 AM,01/30/2024 12:00:00 AM,Unauthorized Access,05/27/2023 12:00:00 AM,05/30/2023 12:00:00 AM,GEICO (Delta Dental of California),16346,,1186,Health,"1,000-9,999",1-99,0,5,false,3,false,243,1-99
08/27/2023 12:00:00 AM,01/26/2024 12:00:00 AM,Cyberattack,08/21/2023 12:00:00 AM,08/27/2023 12:00:00 AM,Keenan & Associates,16345,Ransomware,5873,Business,"1,000-9,999",1-99,0,6,true,6,true,152,1-99
11/15/2023 12:00:00 AM,02/06/2024 12:00:00 AM,Cyberattack,10/25/2023 12:00:00 AM,11/20/2023 12:00:00 AM,Employment Secruity Department of Washington State,16344,Other,519,Government,500-999,1-99,5,21,true,26,false,83,1-99
07/12/2023 12:00:00 AM,10/04/2023 12:00:00 AM,Cyberattack,,,Fidelity National Information Services/Emerald Financial Services,16338,Malware,15776,Finance,"10,000-49,999",Unknown,,,false,,false,84,Unknown
03/19/2023 12:00:00 AM,11/16/2023 12:00:00 AM,Unauthorized Access,03/06/2023 12:00:00 AM,03/19/2023 12:00:00 AM,Pacific Union College,16337,,1921,Education,"1,000-9,999",1-99,0,13,true,13,true,242,1-99
09/28/2023 12:00:00 AM,12/20/2023 12:00:00 AM,Cyberattack,,,"ESO Solutions, Inc.",16336,Ransomware,810,Business,500-999,Unknown,,,false,,false,83,Unknown
10/17/2023 12:00:00 AM,01/03/2024 12:00:00 AM,Cyberattack,,,"First Financial Sercurity, Inc.",16327,Ransomware,2328,Finance,"1,000-9,999",Unknown,,,false,,false,78,Unknown
06/12/2023 12:00:00 AM,07/27/2023 12:00:00 AM,Unauthorized Access,05/31/2023 12:00:00 AM,06/10/2023 12:00:00 AM,"HopSkipDrive, Inc.",16326,,14757,Business,"10,000-49,999",1-99,0,12,false,10,false,45,1-99
02/25/2023 12:00:00 AM,09/22/2023 12:00:00 AM,Unauthorized Access,02/24/2023 12:00:00 AM,02/25/2023 12:00:00 AM,LCS Financial Services,16285,,1823,Finance,"1,000-9,999",1-99,0,1,true,1,true,209,1-99
11/15/2023 12:00:00 AM,01/23/2024 12:00:00 AM,Cyberattack,11/15/2023 12:00:00 AM,11/15/2023 12:00:00 AM,"Planet Home Lending, LLC",16278,Ransomware,7194,Finance,"1,000-9,999",0,0,0,true,0,true,69,0
06/05/2023 12:00:00 AM,01/22/2024 12:00:00 AM,Cyberattack,05/31/2023 12:00:00 AM,06/05/2023 12:00:00 AM,"Philips Respironics International Colorado, Inc. (RICO)",16277,Ransomware,14476,Health,"10,000-49,999",1-99,0,5,true,5,true,231,1-99
12/16/2023 12:00:00 AM,01/18/2024 12:00:00 AM,Cyberattack,12/14/2023 12:00:00 AM,01/02/2024 12:00:00 AM,The Washington Center for Deaf & Hard of Hearing Youth,16276,Ransomware,594,Education,500-999,1-99,17,2,true,19,false,33,1-99
05/28/2023 12:00:00 AM,01/17/2024 12:00:00 AM,Cyberattack,05/28/2023 12:00:00 AM,05/28/2023 12:00:00 AM,TGI Direct,16275,Ransomware,3428,Business,"1,000-9,999",0,0,0,true,0,true,234,0
10/07/2023 12:00:00 AM,01/16/2024 12:00:00 AM,Cyberattack,10/01/2023 12:00:00 AM,10/08/2023 12:00:00 AM,McCarthy & Holthus LLP,16274,Ransomware,700,Business,500-999,1-99,1,6,true,7,false,101,1-99
07/11/2023 12:00:00 AM,01/12/2024 12:00:00 AM,Cyberattack,07/03/2023 12:00:00 AM,07/11/2023 12:00:00 AM,Alpha Supported Living Services,16272,Phishing,1383,Non-Profit/Charity,"1,000-9,999",1-99,0,8,true,8,true,185,1-99
08/22/2023 12:00:00 AM,01/18/2024 12:00:00 AM,Unauthorized Access,08/22/2023 12:00:00 AM,01/10/2024 12:00:00 AM,Umpqua Community College,16270,,691,Education,500-999,100-199,141,0,true,141,false,149,100-199
11/15/2023 12:00:00 AM,01/30/2024 12:00:00 AM,Cyberattack,10/25/2023 12:00:00 AM,11/20/2023 12:00:00 AM,Washington State Department of Licensing,16269,Other,997,Government,500-999,1-99,5,21,true,26,false,76,1-99
09/07/2023 12:00:00 AM,01/31/2024 12:00:00 AM,Cyberattack,09/07/2023 12:00:00 AM,09/07/2023 12:00:00 AM,"Prestige Care, Inc.",16268,Ransomware,17145,Health,"10,000-49,999",0,0,0,true,0,true,146,0
11/28/2023 12:00:00 AM,12/27/2023 12:00:00 AM,Unauthorized Access,,,Academy Mortgage Corporation,16247,,17083,Finance,"10,000-49,999",Unknown,,,false,,false,29,Unknown
11/26/2023 12:00:00 AM,01/17/2024 12:00:00 AM,Cyberattack,11/09/2023 12:00:00 AM,11/26/2023 12:00:00 AM,Oak View Group,16228,Ransomware,1211,Business,"1,000-9,999",1-99,0,17,true,17,true,52,1-99
12/10/2023 12:00:00 AM,01/10/2024 12:00:00 AM,Cyberattack,12/10/2023 12:00:00 AM,12/10/2023 12:00:00 AM,CellNetix Pathology and Laboratories,16222,Ransomware,1146,Health,"1,000-9,999",0,0,0,true,0,true,31,0
09/14/2023 12:00:00 AM,01/05/2024 12:00:00 AM,Cyberattack,07/26/2023 12:00:00 AM,09/19/2023 12:00:00 AM,Moses Lake Community Health Center,16213,Phishing,1189,Health,"1,000-9,999",1-99,5,50,true,55,false,113,1-99
04/21/2023 12:00:00 AM,12/29/2023 12:00:00 AM,Cyberattack,02/17/2023 12:00:00 AM,04/22/2023 12:00:00 AM,Transformative Healthcare,16127,Ransomware,940,Health,500-999,1-99,1,63,true,64,false,252,1-99
08/23/2023 12:00:00 AM,11/17/2023 12:00:00 AM,Unauthorized Access,05/28/2023 12:00:00 AM,05/31/2023 12:00:00 AM,"Medical Eye Services, Inc. (Blue Shield of California)",16126,,2962,Business,"1,000-9,999",1-99,0,87,false,3,false,86,1-99
06/26/2023 12:00:00 AM,11/21/2023 12:00:00 AM,Cyberattack,06/19/2023 12:00:00 AM,06/20/2023 12:00:00 AM,NSC Technologies,16115,Ransomware,1072,Business,"1,000-9,999",1-99,0,7,false,1,false,148,1-99
08/23/2023 12:00:00 AM,11/15/2023 12:00:00 AM,Unauthorized Access,05/28/2023 12:00:00 AM,05/31/2023 12:00:00 AM,"Medical Eye Services, Inc. (Costco Wholesale Corporation)",16114,,35746,Business,"10,000-49,999",1-99,0,87,false,3,false,84,1-99
11/19/2023 12:00:00 AM,12/22/2023 12:00:00 AM,Cyberattack,11/19/2023 12:00:00 AM,11/26/2023 12:00:00 AM,"LoanCare, LLC",16112,Ransomware,44465,Finance,"10,000-49,999",1-99,7,0,true,7,false,33,1-99
11/11/2023 12:00:00 AM,12/22/2023 12:00:00 AM,Cyberattack,11/10/2023 12:00:00 AM,12/06/2023 12:00:00 AM,"Snagajob.com, Inc.",16110,Other,2220,Business,"1,000-9,999",1-99,25,1,true,26,false,41,1-99
07/25/2023 12:00:00 AM,12/29/2023 12:00:00 AM,Cyberattack,07/12/2023 12:00:00 AM,07/25/2023 12:00:00 AM,"Navvis & Company, LLC",16109,Ransomware,6783,Health,"1,000-9,999",1-99,0,13,true,13,true,157,1-99
11/02/2023 12:00:00 AM,12/21/2023 12:00:00 AM,Cyberattack,02/12/2023 12:00:00 AM,02/13/2023 12:00:00 AM,California Northstate University,16108,Ransomware,5694,Education,"1,000-9,999",200-299,0,263,false,1,false,49,1-99
11/19/2023 12:00:00 AM,12/22/2023 12:00:00 AM,Cyberattack,11/19/2023 12:00:00 AM,11/25/2023 12:00:00 AM,Fred Hutchinson Cancer Center,16100,Other,1694184,Health,"1,000,000+",1-99,6,0,true,6,false,33,1-99
11/16/2023 12:00:00 AM,12/19/2023 12:00:00 AM,Cyberattack,10/08/2023 12:00:00 AM,10/09/2023 12:00:00 AM,"Kwik Trip, Inc.",16085,Ransomware,1191,Business,"1,000-9,999",1-99,0,39,false,1,false,33,1-99
10/23/2023 12:00:00 AM,12/20/2023 12:00:00 AM,Cyberattack,09/17/2023 12:00:00 AM,09/28/2023 12:00:00 AM,"ESO Solutions, Inc.",16084,Ransomware,2298,Health,"1,000-9,999",1-99,0,36,false,11,false,58,1-99
11/30/2023 12:00:00 AM,12/16/2023 12:00:00 AM,Cyberattack,,,Orchard LLC,16076,Ransomware,514,Business,500-999,Unknown,,,false,,false,16,Unknown
10/25/2023 12:00:00 AM,12/18/2023 12:00:00 AM,Cyberattack,10/16/2023 12:00:00 AM,10/19/2023 12:00:00 AM,Comcast Cable Communications LLC,16074,Other,3100608,Business,"1,000,000+",1-99,0,9,false,3,false,54,1-99
02/09/2023 12:00:00 AM,11/21/2023 12:00:00 AM,Cyberattack,11/30/2022 12:00:00 AM,02/09/2023 12:00:00 AM,Delaware Life Insurance Company,16073,Ransomware,7252,Business,"1,000-9,999",1-99,0,71,true,71,true,285,1-99
04/26/2023 12:00:00 AM,12/08/2023 12:00:00 AM,Cyberattack,04/26/2023 12:00:00 AM,04/26/2023 12:00:00 AM,Americold Logistics LLC,16072,Malware,3434,Business,"1,000-9,999",0,0,0,true,0,true,226,0
11/20/2023 12:00:00 AM,12/08/2023 12:00:00 AM,Cyberattack,11/19/2023 12:00:00 AM,,Idaho National Laboratory,16070,Unclear/unknown,817,Government,500-999,Unknown,,1,false,,false,18,Unknown
06/01/2023 12:00:00 AM,12/14/2023 12:00:00 AM,Cyberattack,05/27/2023 12:00:00 AM,05/30/2023 12:00:00 AM,Dentegra Insurance Company,16062,Other,1156,Business,"1,000-9,999",1-99,0,5,false,3,false,196,1-99
05/09/2023 12:00:00 AM,12/08/2023 12:00:00 AM,Unauthorized Access,05/07/2023 12:00:00 AM,05/09/2023 12:00:00 AM,"Norton Healthcare, Inc. ",16061,,1872,Health,"1,000-9,999",1-99,0,2,true,2,true,213,1-99
11/27/2022 12:00:00 AM,12/04/2023 12:00:00 AM,Cyberattack,07/20/2022 12:00:00 AM,11/27/2022 12:00:00 AM,"Gunster, Yoakley & Steward, PA",16060,Ransomware,3014,Business,"1,000-9,999",100-199,0,130,true,130,true,372,100-199
06/01/2023 12:00:00 AM,12/14/2023 12:00:00 AM,Unauthorized Access,05/27/2023 12:00:00 AM,05/30/2023 12:00:00 AM,Delta Dental of California and its affiliates,16059,,106098,Health,"50,000-999,999",1-99,0,5,false,3,false,196,1-99
11/21/2023 12:00:00 AM,12/06/2023 12:00:00 AM,Cyberattack,11/02/2023 12:00:00 AM,11/03/2023 12:00:00 AM,Hi-School Pharmacy,16058,Ransomware,3695,Health,"1,000-9,999",1-99,0,19,false,1,false,15,1-99
10/31/2023 12:00:00 AM,12/15/2023 12:00:00 AM,Cyberattack,10/30/2023 12:00:00 AM,11/01/2023 12:00:00 AM,Nationstar Mortgage LLC (dba Mr. Cooper),16056,Ransomware,408616,Finance,"50,000-999,999",1-99,1,1,true,2,false,45,1-99
05/18/2023 12:00:00 AM,12/04/2023 12:00:00 AM,Cyberattack,02/26/2023 12:00:00 AM,05/18/2023 12:00:00 AM,Taylor University,16007,Ransomware,1066,Education,"1,000-9,999",1-99,0,81,true,81,true,200,1-99
11/27/2023 12:00:00 AM,12/01/2023 12:00:00 AM,Unauthorized Access,10/28/2023 12:00:00 AM,11/15/2023 12:00:00 AM,Washington State Employees Credit Union  (WSECU),16006,,1216,Finance,"1,000-9,999",1-99,0,30,false,18,false,4,1-99
11/02/2023 12:00:00 AM,12/04/2023 12:00:00 AM,Cyberattack,08/12/2023 12:00:00 AM,,"Midwest Gaming & Entertainment, LLC dba Rivers Casino Des Plaines",16004,Ransomware,1946,Business,"1,000-9,999",Unknown,,82,false,,false,32,Unknown
08/08/2023 12:00:00 AM,11/27/2023 12:00:00 AM,Cyberattack,08/07/2023 12:00:00 AM,08/08/2023 12:00:00 AM,"Zeroed-In Technologies, LLC",15993,Ransomware,61088,Business,"50,000-999,999",1-99,0,1,true,1,true,111,1-99
02/11/2023 12:00:00 AM,11/20/2023 12:00:00 AM,Cyberattack,02/11/2023 12:00:00 AM,02/11/2023 12:00:00 AM,Proliance Surgeons,15971,Ransomware,329291,Health,"50,000-999,999",0,0,0,true,0,true,282,0
06/26/2023 12:00:00 AM,11/22/2023 12:00:00 AM,Cyberattack,05/30/2023 12:00:00 AM,05/31/2023 12:00:00 AM,"Graphic Packaging International (Welltok, Inc.)",15968,Other,554,Business,500-999,1-99,0,27,false,1,false,149,1-99
06/06/2023 12:00:00 AM,11/27/2023 12:00:00 AM,Cyberattack,04/20/2023 12:00:00 AM,06/06/2023 12:00:00 AM,"World Learning, Inc.",15967,Ransomware,1331,Education,"1,000-9,999",1-99,0,47,true,47,true,174,1-99
06/05/2023 12:00:00 AM,11/22/2023 12:00:00 AM,Cyberattack,05/28/2023 12:00:00 AM,05/28/2023 12:00:00 AM,"AutoZone, Inc.",15958,Other,2509,Business,"1,000-9,999",1-99,0,8,false,0,false,170,0
03/28/2023 12:00:00 AM,11/22/2023 12:00:00 AM,Cyberattack,03/28/2023 12:00:00 AM,03/28/2023 12:00:00 AM,Big Brothers Big Sisters of America,15957,Ransomware,15604,Non-Profit/Charity,"10,000-49,999",0,0,0,true,0,true,239,0
07/26/2023 12:00:00 AM,11/18/2023 12:00:00 AM,Cyberattack,05/30/2023 12:00:00 AM,05/31/2023 12:00:00 AM,"Welltok, Inc. (Regence Blue Shield, Regence Blue Shield of Idaho, Regence Blue Cross/Blue Shield (Oregon & Utah))",15950,Other,1606,Business,"1,000-9,999",1-99,0,57,false,1,false,115,1-99
09/15/2023 12:00:00 AM,11/17/2023 12:00:00 AM,Unauthorized Access,05/30/2023 12:00:00 AM,05/30/2023 12:00:00 AM,International Paper Company,15948,,1057,Business,"1,000-9,999",100-199,0,108,false,0,false,63,0
06/07/2023 12:00:00 AM,11/20/2023 12:00:00 AM,Unauthorized Access,05/27/2023 12:00:00 AM,,"Mas Tec, Inc.",15946,,675,Finance,500-999,Unknown,,11,false,,false,166,Unknown
05/31/2023 12:00:00 AM,11/13/2023 12:00:00 AM,Cyberattack,05/28/2023 12:00:00 AM,05/29/2023 12:00:00 AM,State of Maine,15941,Other,2606,Government,"1,000-9,999",1-99,0,3,false,1,false,166,1-99
08/25/2023 12:00:00 AM,11/16/2023 12:00:00 AM,Cyberattack,08/25/2023 12:00:00 AM,08/25/2023 12:00:00 AM,"Systems East, Inc.",15940,Other,2753,Finance,"1,000-9,999",0,0,0,true,0,true,83,0
03/06/2023 12:00:00 AM,10/06/2023 12:00:00 AM,Cyberattack,02/10/2023 12:00:00 AM,03/06/2023 12:00:00 AM,"Stanley Steemer International, Inc. ",15932,Ransomware,1258,Business,"1,000-9,999",1-99,0,24,true,24,true,214,1-99
10/05/2023 12:00:00 AM,11/10/2023 12:00:00 AM,Cyberattack,08/09/2023 12:00:00 AM,10/06/2023 12:00:00 AM,Seattle Housing Authority,15923,Ransomware,32007,Government,"10,000-49,999",1-99,1,57,true,58,false,36,1-99
05/02/2023 12:00:00 AM,11/03/2023 12:00:00 AM,Cyberattack,03/27/2023 12:00:00 AM,05/02/2023 12:00:00 AM,"Perry Johnson & Associates, Inc. (PJ&A)",15913,Other,22088,Health,"10,000-49,999",1-99,0,36,true,36,true,185,1-99
09/25/2023 12:00:00 AM,11/08/2023 12:00:00 AM,Cyberattack,07/07/2023 12:00:00 AM,08/26/2023 12:00:00 AM,Western Washington Medical Group,15912,Ransomware,334360,Health,"50,000-999,999",1-99,0,80,false,50,false,44,1-99
03/09/2023 12:00:00 AM,11/01/2023 12:00:00 AM,Cyberattack,02/21/2023 12:00:00 AM,03/14/2023 12:00:00 AM,Mt. Hood Meadows Oreg LLC,15901,Other,2482,Business,"1,000-9,999",1-99,5,16,true,21,false,237,1-99
03/24/2023 12:00:00 AM,10/31/2023 12:00:00 AM,Cyberattack,01/07/2023 12:00:00 AM,03/24/2023 12:00:00 AM,"Nature’s Path Foods, Inc. (“Nature’s Path”)",15900,Ransomware,516,Business,500-999,1-99,0,76,true,76,true,221,1-99
08/04/2023 12:00:00 AM,11/03/2023 12:00:00 AM,Cyberattack,07/18/2023 12:00:00 AM,08/04/2023 12:00:00 AM,Holiday by Atria,15898,Phishing,656,Business,500-999,1-99,0,17,true,17,true,91,1-99
08/31/2023 12:00:00 AM,10/30/2023 12:00:00 AM,Unauthorized Access,08/30/2023 12:00:00 AM,09/01/2023 12:00:00 AM,"Postmeds, Inc.",15869,,48861,Health,"10,000-49,999",1-99,1,1,true,2,false,60,1-99
06/01/2023 12:00:00 AM,09/20/2023 12:00:00 AM,Cyberattack,05/29/2023 12:00:00 AM,05/31/2023 12:00:00 AM,"Aristocrat Technologies, Inc. and its affiliates",15868,Other,978,Business,500-999,1-99,0,3,false,2,false,111,1-99
01/31/2023 12:00:00 AM,09/25/2023 12:00:00 AM,Cyberattack,01/12/2023 12:00:00 AM,01/31/2023 12:00:00 AM,"Francesca's Acquisition, LLC",15867,Ransomware,805,Business,500-999,1-99,0,19,true,19,true,237,1-99
08/21/2023 12:00:00 AM,10/27/2023 12:00:00 AM,Cyberattack,08/01/2022 12:00:00 AM,08/23/2023 12:00:00 AM,"Resort Data Processing, Inc.",15860,Other,2319,Business,"1,000-9,999",300-399,2,385,true,387,false,67,300-399
07/12/2023 12:00:00 AM,10/27/2023 12:00:00 AM,Cyberattack,05/30/2023 12:00:00 AM,05/30/2023 12:00:00 AM,NASCO,15859,Other,12986,Health,"10,000-49,999",1-99,0,43,false,0,false,107,0
07/24/2023 12:00:00 AM,09/08/2023 12:00:00 AM,Cyberattack,07/23/2023 12:00:00 AM,07/24/2023 12:00:00 AM,Pierce College District,15846,Ransomware,155811,Education,"50,000-999,999",1-99,0,1,true,1,true,46,1-99
08/21/2023 12:00:00 AM,10/23/2023 12:00:00 AM,Cyberattack,05/30/2023 12:00:00 AM,05/31/2023 12:00:00 AM,New York Life,15838,Ransomware,519,Finance,500-999,1-99,0,83,false,1,false,63,1-99
08/03/2023 12:00:00 AM,10/05/2023 12:00:00 AM,Cyberattack,05/27/2023 12:00:00 AM,05/31/2023 12:00:00 AM,"Flagstar Bank, NA",15837,Ransomware,2412,Finance,"1,000-9,999",1-99,0,68,false,4,false,63,1-99
09/11/2023 12:00:00 AM,10/24/2023 12:00:00 AM,Cyberattack,09/09/2023 12:00:00 AM,10/11/2023 12:00:00 AM,Progressive Leasing,15835,Other,2582,Finance,"1,000-9,999",1-99,30,2,true,32,false,43,1-99
09/14/2023 12:00:00 AM,10/17/2023 12:00:00 AM,Cyberattack,09/07/2023 12:00:00 AM,09/14/2023 12:00:00 AM,"Greenpoint Technologies, Inc.  ",15834,Ransomware,532,Business,500-999,1-99,0,7,true,7,true,33,1-99
06/07/2023 12:00:00 AM,10/19/2023 12:00:00 AM,Cyberattack,11/24/2021 12:00:00 AM,12/14/2022 12:00:00 AM,Revival Animal Health,15826,Skimmers,1929,Business,"1,000-9,999",500+,0,560,false,385,false,134,300-399
05/31/2023 12:00:00 AM,10/18/2023 12:00:00 AM,Cyberattack,05/30/2023 12:00:00 AM,06/01/2023 12:00:00 AM,The Estée Lauder Companies Inc.,15825,Other,1453,Business,"1,000-9,999",1-99,1,1,true,2,false,140,1-99
06/29/2023 12:00:00 AM,10/18/2023 12:00:00 AM,Cyberattack,05/30/2023 12:00:00 AM,07/07/2023 12:00:00 AM,BHI Energy I Specialty Services LLC,15811,Ransomware,1150,Business,"1,000-9,999",1-99,8,30,true,38,false,111,1-99
06/03/2023 12:00:00 AM,09/26/2023 12:00:00 AM,Cyberattack,05/29/2023 12:00:00 AM,05/30/2023 12:00:00 AM,Phh Mortgage Corporation,15810,Unclear/unknown,3145,Finance,"1,000-9,999",1-99,0,5,false,1,false,115,1-99
06/20/2023 12:00:00 AM,09/21/2023 12:00:00 AM,Cyberattack,05/30/2023 12:00:00 AM,05/30/2023 12:00:00 AM,National Student Clearinghouse,15808,Other,5207,Non-Profit/Charity,"1,000-9,999",1-99,0,21,false,0,false,93,0
07/10/2023 12:00:00 AM,09/15/2023 12:00:00 AM,Cyberattack,05/28/2023 12:00:00 AM,05/29/2023 12:00:00 AM,"Nuance Communications, Inc., o/b/o certain data controllers",15794,Other,7993,Health,"1,000-9,999",1-99,0,43,false,1,false,67,1-99
06/01/2023 12:00:00 AM,09/15/2023 12:00:00 AM,Cyberattack,05/29/2023 12:00:00 AM,05/30/2023 12:00:00 AM,"Radius Global Solutions, LLC",15793,Other,759,Finance,500-999,1-99,0,3,false,1,false,106,1-99
02/07/2023 12:00:00 AM,09/06/2023 12:00:00 AM,Cyberattack,02/07/2023 12:00:00 AM,02/07/2023 12:00:00 AM,"Advance America, Cash Advance Centers of Washington, LLC",15792,Ransomware,26092,Finance,"10,000-49,999",0,0,0,true,0,true,211,0
06/02/2022 12:00:00 AM,07/25/2022 12:00:00 AM,Cyberattack,05/18/2022 12:00:00 AM,06/02/2022 12:00:00 AM,"Washington Federal Bank, dba WaFd Bank (Kaye-Smith Enterprise, Inc.)",15790,Ransomware,36119,Finance,"10,000-49,999",1-99,0,15,true,15,true,53,1-99
06/02/2022 12:00:00 AM,07/25/2022 12:00:00 AM,Cyberattack,10/18/2023 12:00:00 AM,06/02/2022 12:00:00 AM,"Spokane Teachers Credit Union (Kaye-Smith Enterprises, Inc.)",15780,Ransomware,1517,Finance,"1,000-9,999",0,0,-503,true,-503,true,53,0
06/02/2022 12:00:00 AM,07/25/2022 12:00:00 AM,Cyberattack,05/18/2022 12:00:00 AM,06/02/2022 12:00:00 AM,"MultiCare Health System, Inc. (Kaye-Smith Enterprises, Inc.)",15779,Ransomware,22679,Health,"10,000-49,999",1-99,0,15,true,15,true,53,1-99
06/02/2022 12:00:00 AM,07/25/2022 12:00:00 AM,Cyberattack,05/18/2022 12:00:00 AM,06/02/2022 12:00:00 AM,"Kitsap Bank (Kaye-Smith Enterprises, Inc)",15778,Ransomware,10154,Finance,"10,000-49,999",1-99,0,15,true,15,true,53,1-99
06/02/2022 12:00:00 AM,07/25/2022 12:00:00 AM,Cyberattack,05/18/2023 12:00:00 AM,06/02/2023 12:00:00 AM,"Alaska USA Credit Union (Kaye-Smith Enterprises, Inc.)",15777,Ransomware,2262,Finance,"1,000-9,999",1-99,365,-350,true,15,false,53,1-99
02/09/2023 12:00:00 AM,09/15/2023 12:00:00 AM,Cyberattack,01/24/2023 12:00:00 AM,02/09/2023 12:00:00 AM,"Upstream RollCo, LLC ",15769,Other,14247,Health,"10,000-49,999",1-99,0,16,true,16,true,218,1-99
08/08/2022 12:00:00 AM,09/07/2023 12:00:00 AM,Cyberattack,07/27/2022 12:00:00 AM,08/06/2022 12:00:00 AM,Lifeline Systems Company,15768,Ransomware,509,Health,500-999,1-99,0,12,false,10,false,395,1-99
06/03/2023 12:00:00 AM,09/13/2023 12:00:00 AM,Cyberattack,05/27/2023 12:00:00 AM,05/28/2023 12:00:00 AM,Honeywell International Inc.,15765,Other,2194,Business,"1,000-9,999",1-99,0,7,false,1,false,102,1-99
07/17/2023 12:00:00 AM,08/29/2023 12:00:00 AM,Cyberattack,11/24/2021 12:00:00 AM,12/14/2022 12:00:00 AM,SERRV International,15764,Unclear/unknown,630,Non-Profit/Charity,500-999,500+,0,600,false,385,false,43,300-399
08/02/2023 12:00:00 AM,09/05/2023 12:00:00 AM,Unauthorized Access,,,Johnson & Johnson Health Care Systems Inc.  (“Janssen”) ,15763,,53970,Health,"50,000-999,999",Unknown,,,false,,false,34,Unknown
09/08/2023 12:00:00 AM,10/05/2023 12:00:00 AM,Cyberattack,09/08/2023 12:00:00 AM,09/12/2023 12:00:00 AM,MGM Resorts International,15761,Other,811740,Business,"50,000-999,999",1-99,4,0,true,4,false,27,1-99
06/06/2023 12:00:00 AM,09/08/2023 12:00:00 AM,Cyberattack,05/29/2023 12:00:00 AM,09/30/2023 12:00:00 AM,Aetna Life Insurance Company ,15760,Ransomware,2303,Health,"1,000-9,999",100-199,116,8,true,124,false,94,100-199
08/27/2023 12:00:00 AM,10/03/2023 12:00:00 AM,Unauthorized Access,08/27/2023 12:00:00 AM,08/27/2023 12:00:00 AM,"Coffee Meets Bagel, Inc.",15746,,7455,Business,"1,000-9,999",0,0,0,true,0,true,37,0
02/22/2023 12:00:00 AM,10/05/2023 12:00:00 AM,Cyberattack,02/17/2023 12:00:00 AM,02/22/2023 12:00:00 AM,Great Expressions Dental Centers ,15745,Ransomware,587,Health,500-999,1-99,0,5,true,5,true,225,1-99
12/20/2022 12:00:00 AM,10/10/2023 12:00:00 AM,Cyberattack,11/14/2022 12:00:00 AM,12/20/2022 12:00:00 AM,The City of Lakewood,15743,Ransomware,24219,Government,"10,000-49,999",1-99,0,36,true,36,true,294,1-99
07/20/2023 12:00:00 AM,10/10/2023 12:00:00 AM,Cyberattack,07/20/2023 12:00:00 AM,08/11/2023 12:00:00 AM,Lennar Corporation,15741,Other,594,Business,500-999,1-99,22,0,true,22,false,82,1-99
08/19/2023 12:00:00 AM,10/06/2023 12:00:00 AM,Unauthorized Access,08/19/2023 12:00:00 AM,09/06/2023 12:00:00 AM,"Caesars Entertainment, Inc.",15738,,784234,Business,"50,000-999,999",1-99,18,0,true,18,false,48,1-99
08/01/2023 12:00:00 AM,08/31/2023 12:00:00 AM,Cyberattack,08/01/2023 12:00:00 AM,08/01/2023 12:00:00 AM,Topgolf Callaway Brands Corp.,15726,Ransomware,14048,Business,"10,000-49,999",0,0,0,true,0,true,30,0
08/26/2022 12:00:00 AM,06/14/2023 12:00:00 AM,Unauthorized Access,,,Connexin Software Inc.,15712,,29600,Business,"10,000-49,999",Unknown,,,false,,false,292,Unknown
05/31/2023 12:00:00 AM,09/22/2023 12:00:00 AM,Cyberattack,05/30/2023 12:00:00 AM,05/31/2023 12:00:00 AM,Financial Institution Service Corporation,15681,Other,2140,Finance,"1,000-9,999",1-99,0,1,true,1,true,114,1-99
05/31/2023 12:00:00 AM,08/22/2023 12:00:00 AM,Unauthorized Access,05/30/2023 12:00:00 AM,06/01/2023 12:00:00 AM,Huntington Bank (Alogent),15678,,4000,Business,"1,000-9,999",1-99,1,1,true,2,false,83,1-99
06/04/2023 12:00:00 AM,09/25/2023 12:00:00 AM,Unauthorized Access,,,Data Media Associates,15677,,657,Business,500-999,Unknown,,,false,,false,113,Unknown
06/09/2023 12:00:00 AM,09/25/2023 12:00:00 AM,Cyberattack,06/09/2023 12:00:00 AM,,Spinal and Sports Care Clinic,15676,Ransomware,1089,Health,"1,000-9,999",Unknown,,0,false,,false,108,Unknown
05/30/2023 12:00:00 AM,08/25/2023 12:00:00 AM,Unauthorized Access,05/27/2023 12:00:00 AM,05/31/2023 12:00:00 AM,"Maximus, Inc.",15654,,70847,Business,"50,000-999,999",1-99,1,3,true,4,false,87,1-99
12/29/2022 12:00:00 AM,08/31/2023 12:00:00 AM,Unauthorized Access,12/01/2022 12:00:00 AM,01/25/2023 12:00:00 AM,UnitedHealthcare (Devine Joshua),15653,,18418,Finance,"10,000-49,999",1-99,27,28,true,55,false,245,1-99
02/21/2023 12:00:00 AM,09/07/2023 12:00:00 AM,Unauthorized Access,02/07/2023 12:00:00 AM,02/21/2023 12:00:00 AM,"MedMinder Systems, Inc.",15652,,1252,Health,"1,000-9,999",1-99,0,14,true,14,true,198,1-99
05/31/2023 12:00:00 AM,08/14/2023 12:00:00 AM,Unauthorized Access,05/29/2023 12:00:00 AM,05/30/2023 12:00:00 AM,"Milliman, Inc.",15644,,2879,Business,"1,000-9,999",1-99,0,2,false,1,false,75,1-99
03/20/2023 12:00:00 AM,08/29/2023 12:00:00 AM,Cyberattack,01/05/2023 12:00:00 AM,03/21/2023 12:00:00 AM,F21 OpcO LLC (d/b/a Forever 21),15600,Ransomware,9855,Business,"1,000-9,999",1-99,1,74,true,75,false,162,1-99
08/14/2023 12:00:00 AM,09/05/2023 12:00:00 AM,Cyberattack,,08/14/2023 12:00:00 AM,North Star Tax & Accounting,15599,Other,1979,Finance,"1,000-9,999",Unknown,0,,true,,true,22,Unknown
05/31/2023 12:00:00 AM,08/24/2023 12:00:00 AM,Unauthorized Access,05/29/2023 12:00:00 AM,05/30/2023 12:00:00 AM,"NTT DATA Americas, Inc. on behalf of PBI Research Services",15598,,6228,Business,"1,000-9,999",1-99,0,2,false,1,false,85,1-99
06/20/2023 12:00:00 AM,09/06/2023 12:00:00 AM,Cyberattack,05/29/2023 12:00:00 AM,06/02/2023 12:00:00 AM,Delaware Life Insurance Company,15585,Other,4518,Finance,"1,000-9,999",1-99,0,22,false,4,false,78,1-99
05/16/2023 12:00:00 AM,09/05/2023 12:00:00 AM,Unauthorized Access,02/28/2023 12:00:00 AM,07/02/2023 12:00:00 AM,Vivendi Ticketing US LLC d/b/a See Tickets,15584,,16450,Business,"10,000-49,999",100-199,47,77,true,124,false,112,100-199
07/11/2023 12:00:00 AM,08/31/2023 12:00:00 AM,Cyberattack,07/11/2023 12:00:00 AM,08/20/2023 12:00:00 AM,The Estée Lauder Companies Inc.,15578,Other,150535,Business,"50,000-999,999",1-99,40,0,true,40,false,51,1-99
06/27/2023 12:00:00 AM,08/30/2023 12:00:00 AM,Unauthorized Access,05/31/2023 12:00:00 AM,05/31/2023 12:00:00 AM,CareSource,15577,,581,Health,500-999,1-99,0,27,false,0,false,64,0
07/06/2023 12:00:00 AM,08/24/2023 12:00:00 AM,Cyberattack,05/29/2023 12:00:00 AM,05/30/2023 12:00:00 AM,New York Life Insurance Company,15576,Other,1622,Finance,"1,000-9,999",1-99,0,38,false,1,false,49,1-99
05/31/2023 12:00:00 AM,08/24/2023 12:00:00 AM,Unauthorized Access,05/30/2023 12:00:00 AM,05/31/2023 12:00:00 AM,"Chevron Federal Credit Union (""CFCU"")",15574,,947,Finance,500-999,1-99,0,1,true,1,true,85,1-99
06/12/2023 12:00:00 AM,08/23/2023 12:00:00 AM,Unauthorized Access,05/27/2023 12:00:00 AM,05/30/2023 12:00:00 AM,"Sovos Compliance, LLC",15569,,11103,Finance,"10,000-49,999",1-99,0,16,false,3,false,72,1-99
06/06/2023 12:00:00 AM,08/14/2023 12:00:00 AM,Cyberattack,05/29/2023 12:00:00 AM,05/30/2023 12:00:00 AM,Fidelity Life Association,15568,Ransomware,3479,Business,"1,000-9,999",1-99,0,8,false,1,false,69,1-99
02/22/2023 12:00:00 AM,08/25/2023 12:00:00 AM,Cyberattack,01/16/2023 12:00:00 AM,02/22/2023 12:00:00 AM,"PurFoods, LLC",15559,Ransomware,9094,Business,"1,000-9,999",1-99,0,37,true,37,true,184,1-99
05/31/2023 12:00:00 AM,08/21/2023 12:00:00 AM,Cyberattack,05/28/2023 12:00:00 AM,05/30/2023 12:00:00 AM,Oak Ridge Associated Universities,15558,Other,1671,Education,"1,000-9,999",1-99,0,3,false,2,false,82,1-99
04/17/2023 12:00:00 AM,08/25/2023 12:00:00 AM,Cyberattack,03/28/2023 12:00:00 AM,04/17/2023 12:00:00 AM,United Health Care (Harvard Pilgrim Health Care),15557,Ransomware,1025,Health,"1,000-9,999",1-99,0,20,true,20,true,130,1-99
03/07/2023 12:00:00 AM,08/23/2023 12:00:00 AM,Cyberattack,03/02/2023 12:00:00 AM,03/07/2023 12:00:00 AM,R&B Corporation of Virginia d/b/a Credit Control Corporation,15536,Ransomware,1564,Business,"1,000-9,999",1-99,0,5,true,5,true,169,1-99
06/22/2023 12:00:00 AM,08/23/2023 12:00:00 AM,Cyberattack,05/29/2023 12:00:00 AM,05/31/2023 12:00:00 AM,Sun Life,15535,Ransomware,4097,Business,"1,000-9,999",1-99,0,24,false,2,false,62,1-99
05/31/2023 12:00:00 AM,08/24/2023 12:00:00 AM,Unauthorized Access,05/28/2023 12:00:00 AM,05/28/2023 12:00:00 AM,Cognisight (Providence ElderPlace - Washington),15534,,542,Health,500-999,1-99,0,3,false,0,false,85,0
06/04/2023 12:00:00 AM,08/21/2023 12:00:00 AM,Cyberattack,05/31/2023 12:00:00 AM,06/01/2023 12:00:00 AM,Unum Group,15529,Other,4186,Finance,"1,000-9,999",1-99,0,4,false,1,false,78,1-99
02/03/2023 12:00:00 AM,08/16/2023 12:00:00 AM,Cyberattack,01/31/2023 12:00:00 AM,02/03/2023 12:00:00 AM,"Regal Securities, Inc",15528,Ransomware,600,Finance,500-999,1-99,0,3,true,3,true,194,1-99
06/30/2023 12:00:00 AM,08/11/2023 12:00:00 AM,Cyberattack,,,"EP Global Production Solutions, LLC",15524,Ransomware,2758,Business,"1,000-9,999",Unknown,,,false,,false,42,Unknown
06/21/2023 12:00:00 AM,08/11/2023 12:00:00 AM,Cyberattack,,,"Fidelity National Information Services, Inc. / Umpqua Bank",15493,Malware,145274,Finance,"50,000-999,999",Unknown,,,false,,false,51,Unknown
01/17/2023 12:00:00 AM,08/11/2023 12:00:00 AM,Unauthorized Access,12/12/2022 12:00:00 AM,01/17/2023 12:00:00 AM,Hub International Limited,15492,,31755,Business,"10,000-49,999",1-99,0,36,true,36,true,206,1-99
03/14/2023 12:00:00 AM,08/11/2023 12:00:00 AM,Cyberattack,03/12/2023 12:00:00 AM,03/13/2023 12:00:00 AM,"BrightSpring Health Services, Inc. ",15491,Ransomware,28194,Health,"10,000-49,999",1-99,0,2,false,1,false,150,1-99
07/05/2023 12:00:00 AM,08/10/2023 12:00:00 AM,Theft or Mistake,07/06/2021 12:00:00 AM,05/24/2023 12:00:00 AM,"IEC Group Inc., dba AmeriBen",15490,,662,Health,500-999,500+,0,729,false,687,false,36,500+
05/31/2023 12:00:00 AM,08/10/2023 12:00:00 AM,Cyberattack,05/29/2023 12:00:00 AM,05/30/2023 12:00:00 AM,MassMutual Ascend Life Insurance Company,15489,Other,18675,Business,"10,000-49,999",1-99,0,2,false,1,false,71,1-99
05/12/2023 12:00:00 AM,08/09/2023 12:00:00 AM,Cyberattack,04/25/2023 12:00:00 AM,05/12/2023 12:00:00 AM,"Associated Materials, LLC",15488,Ransomware,660,Business,500-999,1-99,0,17,true,17,true,89,1-99
05/31/2023 12:00:00 AM,08/09/2023 12:00:00 AM,Cyberattack,05/27/2023 12:00:00 AM,05/31/2023 12:00:00 AM,Ernst & Young LLP,15481,Other,1129,Business,"1,000-9,999",1-99,0,4,true,4,true,70,1-99
05/31/2023 12:00:00 AM,08/09/2023 12:00:00 AM,Cyberattack,05/28/2023 12:00:00 AM,05/28/2023 12:00:00 AM,"American National Group, LLC and its insurance subsidiaries ",15480,Other,24274,Finance,"10,000-49,999",1-99,0,3,false,0,false,70,0
05/30/2023 12:00:00 AM,08/08/2023 12:00:00 AM,Cyberattack,05/28/2023 12:00:00 AM,05/30/2023 12:00:00 AM,"TD Ameritrade, Inc. and Charles Schwab & Co., Inc.",15467,Malware,1662,Finance,"1,000-9,999",1-99,0,2,true,2,true,70,1-99
06/13/2023 12:00:00 AM,08/04/2023 12:00:00 AM,Cyberattack,05/27/2023 12:00:00 AM,05/31/2023 12:00:00 AM,MidFirst Bank,15466,Other,6097,Finance,"1,000-9,999",1-99,0,17,false,4,false,52,1-99
07/10/2023 12:00:00 AM,08/03/2023 12:00:00 AM,Cyberattack,03/01/2023 12:00:00 AM,06/02/2023 12:00:00 AM,"Etz Hayim Holdings, S.P.C. d/b/a Lazarus Natural",15465,Other,1940,Business,"1,000-9,999",100-199,0,131,false,93,false,24,1-99
06/09/2023 12:00:00 AM,08/02/2023 12:00:00 AM,Cyberattack,05/29/2023 12:00:00 AM,05/30/2023 12:00:00 AM,TIAA-CREF Life Insurance Company,15464,Ransomware,904,Finance,500-999,1-99,0,11,false,1,false,54,1-99
05/19/2023 12:00:00 AM,08/01/2023 12:00:00 AM,Unauthorized Access,,05/18/2023 12:00:00 AM,Progressive Casualty Insurance Company,15463,,8325,Business,"1,000-9,999",Unknown,0,,false,,false,74,Unknown
07/05/2023 12:00:00 AM,08/01/2023 12:00:00 AM,Theft or Mistake,06/29/2023 12:00:00 AM,07/05/2023 12:00:00 AM,HCA Healthcare,15461,,7500,Health,"1,000-9,999",1-99,0,6,true,6,true,27,1-99
06/07/2023 12:00:00 AM,07/28/2023 12:00:00 AM,Unauthorized Access,05/29/2023 12:00:00 AM,05/30/2023 12:00:00 AM,The Global Atlantic Financial Group LLC,15460,,62433,Finance,"50,000-999,999",1-99,0,9,false,1,false,51,1-99
06/28/2023 12:00:00 AM,07/28/2023 12:00:00 AM,Cyberattack,05/30/2023 12:00:00 AM,,Bellingham Technical College,15459,Unclear/unknown,1600,Education,"1,000-9,999",Unknown,,29,false,,false,30,Unknown
06/03/2023 12:00:00 AM,08/04/2023 12:00:00 AM,Unauthorized Access,05/29/2023 12:00:00 AM,05/30/2023 12:00:00 AM,Hartford Life and Accident Insurance Company,15453,,17839,Finance,"10,000-49,999",1-99,0,5,false,1,false,62,1-99
06/24/2023 12:00:00 AM,07/28/2023 12:00:00 AM,Cyberattack,06/14/2023 12:00:00 AM,06/24/2023 12:00:00 AM,"Cupertino Electric, Inc.",15452,Ransomware,884,Business,500-999,1-99,0,10,true,10,true,34,1-99
02/09/2023 12:00:00 AM,07/28/2023 12:00:00 AM,Cyberattack,11/30/2022 12:00:00 AM,02/09/2023 12:00:00 AM,Clear Spring Life and Annuity Company,15451,Ransomware,1125,Finance,"1,000-9,999",1-99,0,71,true,71,true,169,1-99
06/09/2023 12:00:00 AM,07/28/2023 12:00:00 AM,Cyberattack,05/29/2023 12:00:00 AM,05/30/2023 12:00:00 AM,"TIAA Kaspick, LLC (""Kaspick"")",15450,Ransomware,1235,Finance,"1,000-9,999",1-99,0,11,false,1,false,49,1-99
06/21/2023 12:00:00 AM,07/27/2023 12:00:00 AM,Unauthorized Access,05/29/2023 12:00:00 AM,05/30/2023 12:00:00 AM,The Prudential Insurance Company of America,15449,,39674,Education,"10,000-49,999",1-99,0,23,false,1,false,36,1-99
06/09/2023 12:00:00 AM,07/27/2023 12:00:00 AM,Cyberattack,05/29/2023 12:00:00 AM,05/30/2023 12:00:00 AM,"Teachers Insurance and Annuity Association of America (""TIAA",15439,Ransomware,56331,Finance,"50,000-999,999",1-99,0,11,false,1,false,48,1-99
06/19/2023 12:00:00 AM,07/27/2023 12:00:00 AM,Cyberattack,05/29/2023 12:00:00 AM,05/30/2023 12:00:00 AM,"Lumico Life Insurance Company, Elips Life Insurance Company",15438,Other,6209,Business,"1,000-9,999",1-99,0,21,false,1,false,38,1-99
06/08/2023 12:00:00 AM,07/26/2023 12:00:00 AM,Cyberattack,11/24/2021 12:00:00 AM,12/14/2022 12:00:00 AM,"HRM Enterprises, Inc.",15437,Unclear/unknown,1414,Business,"1,000-9,999",500+,0,561,false,385,false,48,300-399
06/01/2023 12:00:00 AM,07/26/2023 12:00:00 AM,Cyberattack,05/27/2023 12:00:00 AM,05/27/2023 12:00:00 AM,UnitedHealthcare Student Resources,15433,Other,1592,Health,"1,000-9,999",1-99,0,5,false,0,false,55,0
05/31/2023 12:00:00 AM,07/25/2023 12:00:00 AM,Cyberattack,05/29/2023 12:00:00 AM,05/29/2023 12:00:00 AM,The Johns Hopkins University,15430,Other,608,Education,500-999,1-99,0,2,false,0,false,55,0
06/02/2023 12:00:00 AM,07/25/2023 12:00:00 AM,Cyberattack,05/29/2023 12:00:00 AM,05/30/2023 12:00:00 AM,"Corebridge Financial, Inc.",15428,Other,101027,Business,"50,000-999,999",1-99,0,4,false,1,false,53,1-99
06/20/2023 12:00:00 AM,07/24/2023 12:00:00 AM,Unauthorized Access,05/29/2023 12:00:00 AM,05/30/2023 12:00:00 AM,Jackson National Life Insurance Company,15425,,22709,Finance,"10,000-49,999",1-99,0,22,false,1,false,34,1-99
07/13/2023 12:00:00 AM,07/24/2023 12:00:00 AM,Theft or Mistake,,07/14/2023 12:00:00 AM,"Togetherwork Holdings, LLC",15424,,866,Business,500-999,Unknown,1,,true,,false,11,Unknown
06/03/2023 12:00:00 AM,07/21/2023 12:00:00 AM,Cyberattack,05/29/2023 12:00:00 AM,05/30/2023 12:00:00 AM,Aurora National Life Assurance Company,15419,Other,3670,Finance,"1,000-9,999",1-99,0,5,false,1,false,48,1-99
06/20/2023 12:00:00 AM,07/20/2023 12:00:00 AM,Cyberattack,05/29/2023 12:00:00 AM,05/30/2023 12:00:00 AM,"Fidelity & Guaranty Life Insurance Company (""F&G"")",15418,Unclear/unknown,12229,Finance,"10,000-49,999",1-99,0,22,false,1,false,30,1-99
06/06/2023 12:00:00 AM,07/21/2023 12:00:00 AM,Cyberattack,11/24/2021 12:00:00 AM,12/14/2022 12:00:00 AM,"Creedmoor Sports, Inc.",15409,Unclear/unknown,518,Business,500-999,500+,0,559,false,385,false,45,300-399
06/20/2023 12:00:00 AM,07/20/2023 12:00:00 AM,Cyberattack,05/29/2023 12:00:00 AM,05/30/2023 12:00:00 AM,Athene Annuity and Life Company and its affiliates,15408,Other,3814,Business,"1,000-9,999",1-99,0,22,false,1,false,30,1-99
05/31/2023 12:00:00 AM,07/19/2023 12:00:00 AM,Cyberattack,05/27/2023 12:00:00 AM,05/31/2023 12:00:00 AM,Rite Aid Corporation,15407,Other,1409,Health,"1,000-9,999",1-99,0,4,true,4,true,49,1-99
06/20/2023 12:00:00 AM,07/17/2023 12:00:00 AM,Unauthorized Access,05/28/2023 12:00:00 AM,05/30/2023 12:00:00 AM,Quorum Federal Credit Union,15406,,802,Finance,500-999,1-99,0,23,false,2,false,27,1-99
05/24/2023 12:00:00 AM,07/14/2023 12:00:00 AM,Unauthorized Access,04/26/2023 12:00:00 AM,05/24/2023 12:00:00 AM,Idea 247 Inc. (d/b/a Idea Financial),15404,,671,Finance,500-999,1-99,0,28,true,28,true,51,1-99
06/02/2023 12:00:00 AM,07/12/2023 12:00:00 AM,Cyberattack,05/29/2023 12:00:00 AM,05/30/2023 12:00:00 AM,"Pension Benefit Information, LLC  ",15402,Other,18856,Business,"10,000-49,999",1-99,0,4,false,1,false,40,1-99
02/23/2022 12:00:00 AM,09/01/2022 12:00:00 AM,Unauthorized Access,,,"MMA Operations, Inc.",15398,,1378,Business,"1,000-9,999",Unknown,,,false,,false,190,Unknown
06/26/2023 12:00:00 AM,07/11/2023 12:00:00 AM,Unauthorized Access,11/18/2018 12:00:00 AM,11/18/2018 12:00:00 AM,Tacoma-Pierce County Health Department,15372,,9500,Government,"1,000-9,999",500+,0,1681,false,0,false,15,0
02/07/2023 12:00:00 AM,07/28/2023 12:00:00 AM,Unauthorized Access,02/07/2023 12:00:00 AM,,"Hot Topic, Inc.",15371,,2348,Business,"1,000-9,999",Unknown,,0,false,,false,171,Unknown
06/01/2023 12:00:00 AM,07/20/2023 12:00:00 AM,Cyberattack,06/01/2023 12:00:00 AM,06/01/2023 12:00:00 AM,1st Source Bank,15367,Ransomware,777,Finance,500-999,0,0,0,true,0,true,49,0
06/02/2023 12:00:00 AM,07/10/2023 12:00:00 AM,Cyberattack,05/30/2023 12:00:00 AM,05/30/2023 12:00:00 AM,PH TECH,15358,Ransomware,3288,Health,"1,000-9,999",1-99,0,3,false,0,false,38,0
06/13/2023 12:00:00 AM,07/17/2023 12:00:00 AM,Cyberattack,05/31/2023 12:00:00 AM,06/01/2023 12:00:00 AM,"Fidelity National Information Services, Inc. / Sound Community Bank",15357,Ransomware,13795,Finance,"10,000-49,999",1-99,0,13,false,1,false,34,1-99
06/08/2023 12:00:00 AM,07/17/2023 12:00:00 AM,Cyberattack,05/29/2023 12:00:00 AM,05/30/2023 12:00:00 AM,"Milliman Solutions, LLC d/b/a Milliman Intelliscript",15351,Ransomware,17235,Finance,"10,000-49,999",1-99,0,10,false,1,false,39,1-99
03/30/2022 12:00:00 AM,07/10/2023 12:00:00 AM,Unauthorized Access,03/23/2022 12:00:00 AM,03/30/2022 12:00:00 AM,ARx Patient Solutions,15323,,517,Health,500-999,1-99,0,7,true,7,true,467,1-99
06/15/2023 12:00:00 AM,07/10/2023 12:00:00 AM,Cyberattack,05/31/2023 12:00:00 AM,06/01/2023 12:00:00 AM,Premera Blue Cross,15322,Ransomware,33237,Health,"10,000-49,999",1-99,0,15,false,1,false,25,1-99
06/06/2023 12:00:00 AM,07/06/2023 12:00:00 AM,Cyberattack,11/24/2021 12:00:00 AM,12/14/2022 12:00:00 AM,LEM Products Direct LLC,15317,Other,640,Business,500-999,500+,0,559,false,385,false,30,300-399
01/30/2023 12:00:00 AM,06/30/2023 12:00:00 AM,Unauthorized Access,01/28/2023 12:00:00 AM,01/30/2023 12:00:00 AM,Imagine360,15315,Unclear/unknown,1478,Health,"1,000-9,999",1-99,0,2,true,2,true,151,1-99
03/13/2023 12:00:00 AM,06/30/2023 12:00:00 AM,Unauthorized Access,03/07/2023 12:00:00 AM,03/07/2023 12:00:00 AM,"Orrick, Herrington & Sutcliffe LLP",15310,,6376,Business,"1,000-9,999",1-99,0,6,false,0,false,109,0
06/06/2023 12:00:00 AM,07/12/2023 12:00:00 AM,Cyberattack,05/29/2023 12:00:00 AM,05/30/2023 12:00:00 AM,Transamerica Life Insurance Company,15308,Ransomware,54773,Finance,"50,000-999,999",1-99,0,8,false,1,false,36,1-99
05/31/2023 12:00:00 AM,06/30/2023 12:00:00 AM,Cyberattack,05/27/2023 12:00:00 AM,,Bristol Myers Squibb,15307,Malware,2231,Health,"1,000-9,999",Unknown,,4,false,,false,30,Unknown
03/14/2023 12:00:00 AM,06/30/2023 12:00:00 AM,Unauthorized Access,12/25/2022 12:00:00 AM,03/15/2023 12:00:00 AM,Lansing Community College,15251,,1120,Education,"1,000-9,999",1-99,1,79,true,80,false,108,1-99
06/14/2023 12:00:00 AM,06/30/2023 12:00:00 AM,Cyberattack,05/30/2023 12:00:00 AM,05/31/2023 12:00:00 AM,"Clearwater Credit Union (""Clearwater"")",15250,Malware,518,Finance,500-999,1-99,0,15,false,1,false,16,1-99
10/21/2022 12:00:00 AM,06/28/2023 12:00:00 AM,Cyberattack,10/21/2022 12:00:00 AM,10/21/2022 12:00:00 AM,Sebastian Kanczugowski,15249,Phishing,994,Finance,500-999,0,0,0,true,0,true,250,0
06/04/2023 12:00:00 AM,06/28/2023 12:00:00 AM,Cyberattack,05/29/2023 12:00:00 AM,05/30/2023 12:00:00 AM,Talcott Resolution Life Insurance Company,15248,Other,12525,Business,"10,000-49,999",1-99,0,6,false,1,false,24,1-99
12/06/2022 12:00:00 AM,06/27/2023 12:00:00 AM,Cyberattack,11/14/2022 12:00:00 AM,12/06/2022 12:00:00 AM,Clallam County Public Utility District,15246,Phishing,1140,Government,"1,000-9,999",1-99,0,22,true,22,true,203,1-99
01/29/2023 12:00:00 AM,06/23/2023 12:00:00 AM,Theft or Mistake,01/29/2023 12:00:00 AM,01/29/2023 12:00:00 AM,David Douglas School District,15242,,1148,Education,"1,000-9,999",0,0,0,true,0,true,145,0
06/07/2023 12:00:00 AM,06/23/2023 12:00:00 AM,Unauthorized Access,05/29/2023 12:00:00 AM,05/30/2023 12:00:00 AM,Wilton Reassurance Company,15234,,8148,Business,"1,000-9,999",1-99,0,9,false,1,false,16,1-99
05/18/2023 12:00:00 AM,06/21/2023 12:00:00 AM,Unauthorized Access,12/20/2022 12:00:00 AM,05/18/2023 12:00:00 AM,USAA,15229,,546,Finance,500-999,100-199,0,149,true,149,true,34,100-199
03/24/2023 12:00:00 AM,06/20/2023 12:00:00 AM,Cyberattack,02/23/2023 12:00:00 AM,03/01/2023 12:00:00 AM,Mondelez Global LLC,15228,Phishing,1102,Business,"1,000-9,999",1-99,0,29,false,6,false,88,1-99
04/17/2023 12:00:00 AM,06/15/2023 12:00:00 AM,Cyberattack,03/28/2023 12:00:00 AM,04/17/2023 12:00:00 AM,Harvard Pilgrim Health Care,15227,Ransomware,8353,Health,"1,000-9,999",1-99,0,20,true,20,true,59,1-99
11/02/2022 12:00:00 AM,04/12/2023 12:00:00 AM,Unauthorized Access,10/26/2022 12:00:00 AM,10/29/2022 12:00:00 AM,Prescott College,15221,,7164,Education,"1,000-9,999",1-99,0,7,false,3,false,161,1-99
04/14/2023 12:00:00 AM,06/14/2023 12:00:00 AM,Cyberattack,04/14/2023 12:00:00 AM,05/31/2023 12:00:00 AM,International Chapter of the P.E.O. Sisterhood,15207,Ransomware,3450,Non-Profit/Charity,"1,000-9,999",1-99,47,0,true,47,false,61,1-99
06/11/2023 12:00:00 AM,06/13/2023 12:00:00 AM,Unauthorized Access,06/11/2023 12:00:00 AM,06/11/2023 12:00:00 AM,GREENGEEKS LLC,15206,,1000,Business,"1,000-9,999",0,0,0,true,0,true,2,0
12/28/2022 12:00:00 AM,06/07/2023 12:00:00 AM,Cyberattack,12/15/2022 12:00:00 AM,12/28/2022 12:00:00 AM,"CGM, Inc.",15205,Ransomware,4174,Business,"1,000-9,999",1-99,0,13,true,13,true,161,1-99
12/15/2022 12:00:00 AM,06/05/2023 12:00:00 AM,Cyberattack,12/15/2022 12:00:00 AM,12/19/2022 12:00:00 AM,"Reventics, LLC",15180,Ransomware,4764,Health,"1,000-9,999",1-99,4,0,true,4,false,172,1-99
03/06/2023 12:00:00 AM,05/26/2023 12:00:00 AM,Cyberattack,02/26/2023 12:00:00 AM,03/07/2023 12:00:00 AM,"Managed Care of North America, Inc.",15176,Malware,13823,Health,"10,000-49,999",1-99,1,8,true,9,false,81,1-99
04/26/2023 12:00:00 AM,05/26/2023 12:00:00 AM,Cyberattack,02/01/2023 12:00:00 AM,02/04/2023 12:00:00 AM,Capital One,15171,Ransomware,605,Finance,500-999,1-99,0,84,false,3,false,30,1-99
04/18/2023 12:00:00 AM,05/25/2023 12:00:00 AM,Unauthorized Access,04/18/2023 12:00:00 AM,04/18/2023 12:00:00 AM,"European Wax Center, Inc. ",15170,,1592,Business,"1,000-9,999",0,0,0,true,0,true,37,0
04/22/2023 12:00:00 AM,05/23/2023 12:00:00 AM,Cyberattack,04/21/2023 12:00:00 AM,,"Heavy Hammer, Inc.",15164,Ransomware,563,Business,500-999,Unknown,,1,false,,false,31,Unknown
03/25/2023 12:00:00 AM,05/24/2023 12:00:00 AM,Cyberattack,03/15/2023 12:00:00 AM,03/25/2023 12:00:00 AM,"SLT Lending SPV, Inc.",15163,Ransomware,1748,Business,"1,000-9,999",1-99,0,10,true,10,true,60,1-99
02/04/2023 12:00:00 AM,05/22/2023 12:00:00 AM,Cyberattack,02/01/2023 12:00:00 AM,02/06/2023 12:00:00 AM,"NCB Management Services, Inc.",15162,Ransomware,15899,Finance,"10,000-49,999",1-99,2,3,true,5,false,107,1-99
09/01/2021 12:00:00 AM,05/22/2023 12:00:00 AM,Unauthorized Access,04/05/2019 12:00:00 AM,10/10/2021 12:00:00 AM,Apria Healthcare LLC,15159,,69686,Health,"50,000-999,999",500+,39,880,true,919,false,628,500+
04/16/2023 12:00:00 AM,05/31/2023 12:00:00 AM,Unauthorized Access,03/23/2023 12:00:00 AM,,"Stanford, Munko, & Co. PLLC",15158,,3086,Finance,"1,000-9,999",Unknown,,24,false,,false,45,Unknown
11/29/2022 12:00:00 AM,05/30/2023 12:00:00 AM,Unauthorized Access,11/29/2022 12:00:00 AM,11/29/2022 12:00:00 AM,Over The Top (OTT),15156,,22723,Business,"10,000-49,999",0,0,0,true,0,true,182,0
03/04/2021 12:00:00 AM,12/22/2022 12:00:00 AM,Cyberattack,,,Your Patient Advisor by Captify Health,15100,Malware,36364,Business,"10,000-49,999",Unknown,,,false,,false,658,Unknown
02/04/2023 12:00:00 AM,05/16/2023 12:00:00 AM,Unauthorized Access,01/29/2023 12:00:00 AM,01/31/2023 12:00:00 AM,HumanGood Washington,15075,,1411,Business,"1,000-9,999",1-99,0,6,false,2,false,101,1-99
03/05/2023 12:00:00 AM,05/17/2023 12:00:00 AM,Cyberattack,01/14/2023 12:00:00 AM,03/05/2023 12:00:00 AM,Sysco Corporation,15073,Other,1977,Business,"1,000-9,999",1-99,0,50,true,50,true,73,1-99
03/30/2023 12:00:00 AM,05/03/2023 12:00:00 AM,Unauthorized Access,03/29/2023 12:00:00 AM,04/14/2023 12:00:00 AM,"NextGen Healthcare, Inc. ",15056,,21981,Health,"10,000-49,999",1-99,15,1,true,16,false,34,1-99
03/09/2023 12:00:00 AM,05/02/2023 12:00:00 AM,Cyberattack,02/22/2023 12:00:00 AM,03/09/2023 12:00:00 AM,"Carvin Software, LLC",15031,Malware,9606,Business,"1,000-9,999",1-99,0,15,true,15,true,54,1-99
03/02/2023 12:00:00 AM,04/29/2023 12:00:00 AM,Cyberattack,02/20/2023 12:00:00 AM,02/20/2023 12:00:00 AM,Cadence Innovations Group,15030,Malware,541,Business,500-999,1-99,0,10,false,0,false,58,0
03/10/2023 12:00:00 AM,04/26/2023 12:00:00 AM,Cyberattack,03/09/2023 12:00:00 AM,03/10/2023 12:00:00 AM,"Carrington Mortgage Services, LLC",15029,Ransomware,5032,Finance,"1,000-9,999",1-99,0,1,true,1,true,47,1-99
02/14/2023 12:00:00 AM,04/28/2023 12:00:00 AM,Cyberattack,02/11/2023 12:00:00 AM,02/14/2023 12:00:00 AM,Pierce County Public Transportation Benefit Area Corporation,15028,Ransomware,4813,Government,"1,000-9,999",1-99,0,3,true,3,true,73,1-99
04/18/2023 12:00:00 AM,04/21/2023 12:00:00 AM,Cyberattack,03/22/2023 12:00:00 AM,03/22/2023 12:00:00 AM,Sno-Isle Regional Library System,15005,Phishing,531,Government,500-999,1-99,0,27,false,0,false,3,0
03/17/2023 12:00:00 AM,04/21/2023 12:00:00 AM,Cyberattack,03/06/2023 12:00:00 AM,03/20/2023 12:00:00 AM,American Bar Association,15004,Other,27736,Non-Profit/Charity,"10,000-49,999",1-99,3,11,true,14,false,35,1-99
12/23/2022 12:00:00 AM,04/20/2023 12:00:00 AM,Cyberattack,12/22/2022 12:00:00 AM,12/24/2022 12:00:00 AM,"Albertsons Companies, Inc.",15002,Ransomware,1882,Business,"1,000-9,999",1-99,1,1,true,2,false,118,1-99
12/16/2022 12:00:00 AM,04/18/2023 12:00:00 AM,Unauthorized Access,11/27/2022 12:00:00 AM,12/17/2022 12:00:00 AM,Advanced Health Media on behalf of its clients,15000,,587,Business,500-999,1-99,1,19,true,20,false,123,1-99
02/13/2023 12:00:00 AM,04/14/2023 12:00:00 AM,Unauthorized Access,09/10/2020 12:00:00 AM,,MiniMed Distribution Corp,14998,,,Health,Unknown,Unknown,,886,false,,false,60,Unknown
03/20/2023 12:00:00 AM,04/14/2023 12:00:00 AM,Cyberattack,02/27/2023 12:00:00 AM,03/20/2023 12:00:00 AM,Shoreline Community College,14994,Ransomware,400000,Education,"50,000-999,999",1-99,0,21,true,21,true,25,1-99
12/02/2022 12:00:00 AM,04/11/2023 12:00:00 AM,Cyberattack,12/01/2022 12:00:00 AM,12/02/2022 12:00:00 AM,"Regal Medical Group, Inc. ",14989,Ransomware,2224,Health,"1,000-9,999",1-99,0,1,true,1,true,130,1-99
02/04/2023 12:00:00 AM,04/10/2023 12:00:00 AM,Cyberattack,01/30/2023 12:00:00 AM,01/30/2023 12:00:00 AM,"Brightline, Inc.",14988,Other,26333,Health,"10,000-49,999",1-99,0,5,false,0,false,65,0
02/07/2023 12:00:00 AM,04/13/2023 12:00:00 AM,Unauthorized Access,01/30/2023 12:00:00 AM,,"Nations Benefit Holdings, LLC",14954,,39020,Finance,"10,000-49,999",Unknown,,8,false,,false,65,Unknown
12/10/2022 12:00:00 AM,04/07/2023 12:00:00 AM,Cyberattack,12/05/2022 12:00:00 AM,12/11/2022 12:00:00 AM,"90 Degree Benefits, Inc. - Wisconsin",14953,Ransomware,2704,Business,"1,000-9,999",1-99,1,5,true,6,false,118,1-99
01/13/2023 12:00:00 AM,04/07/2023 12:00:00 AM,Cyberattack,01/13/2023 12:00:00 AM,01/14/2023 12:00:00 AM,"Yum! Brands, Inc. ",14951,Ransomware,1220,Business,"1,000-9,999",1-99,1,0,true,1,false,84,1-99
04/24/2022 12:00:00 AM,03/06/2023 12:00:00 AM,Unauthorized Access,04/21/2022 12:00:00 AM,05/21/2022 12:00:00 AM,South Whidbey Fire & EMS,14909,,582,Government,500-999,1-99,27,3,true,30,false,316,1-99
10/31/2022 12:00:00 AM,02/28/2023 12:00:00 AM,Unauthorized Access,10/25/2022 12:00:00 AM,10/31/2022 12:00:00 AM,REC Silicon,14906,,647,Business,500-999,1-99,0,6,true,6,true,120,1-99
10/30/2022 12:00:00 AM,03/31/2023 12:00:00 AM,Cyberattack,10/28/2022 12:00:00 AM,10/29/2022 12:00:00 AM,Southwest Healthcare Services ,14899,Ransomware,1225,Health,"1,000-9,999",1-99,0,2,false,1,false,152,1-99
02/13/2023 12:00:00 AM,03/30/2023 12:00:00 AM,Cyberattack,12/10/2022 12:00:00 AM,03/17/2023 12:00:00 AM,"TMX Finance Corporate Services, Inc. & affiliates",14893,Malware,571,Finance,500-999,1-99,32,65,true,97,false,45,1-99
11/16/2022 12:00:00 AM,03/30/2023 12:00:00 AM,Theft or Mistake,07/13/2022 12:00:00 AM,12/09/2022 12:00:00 AM,"Svanaco, Inc. dba Americaneagle.com",14892,,1475,Business,"1,000-9,999",100-199,23,126,true,149,false,134,100-199
02/04/2023 12:00:00 AM,03/24/2023 12:00:00 AM,Unauthorized Access,02/01/2023 12:00:00 AM,02/06/2023 12:00:00 AM,"Bank of America, N.A. concerning breach at NCB Manag. Serv. ",14891,,12510,Finance,"10,000-49,999",1-99,2,3,true,5,false,48,1-99
11/18/2022 12:00:00 AM,03/14/2023 12:00:00 AM,Theft or Mistake,09/30/2016 12:00:00 AM,11/18/2022 12:00:00 AM,"mscripts, LLC",14864,,1394,Health,"1,000-9,999",500+,0,2240,true,2240,true,116,500+
02/18/2023 12:00:00 AM,03/14/2023 12:00:00 AM,Unauthorized Access,01/08/2023 12:00:00 AM,02/28/2023 12:00:00 AM,Allstate Insurance Company,14863,,561,Business,500-999,1-99,10,41,true,51,false,24,1-99
11/11/2022 12:00:00 AM,03/14/2023 12:00:00 AM,Theft or Mistake,10/27/2022 12:00:00 AM,10/27/2022 12:00:00 AM,Art Center Inc. dba Northwest College of Art & Design,14862,,1081,Education,"1,000-9,999",1-99,0,15,false,0,false,123,0
07/05/2022 12:00:00 AM,03/14/2023 12:00:00 AM,Cyberattack,06/30/2022 12:00:00 AM,07/05/2022 12:00:00 AM,"Independent Living Systems, LLC",14861,Ransomware,6017,Health,"1,000-9,999",1-99,0,5,true,5,true,252,1-99
01/28/2023 12:00:00 AM,03/10/2023 12:00:00 AM,Cyberattack,01/28/2023 12:00:00 AM,01/29/2023 12:00:00 AM,ZOLL Medical Corporation ,14860,Other,6176,Health,"1,000-9,999",1-99,1,0,true,1,false,41,1-99
02/02/2023 12:00:00 AM,03/07/2023 12:00:00 AM,Cyberattack,01/28/2023 12:00:00 AM,01/30/2023 12:00:00 AM,"CHSPSC, LLC ",14858,Other,559,Health,500-999,1-99,0,5,false,2,false,33,1-99
01/03/2023 12:00:00 AM,03/03/2023 12:00:00 AM,Unauthorized Access,10/12/2019 12:00:00 AM,03/01/2023 12:00:00 AM,"Cerebral, Inc",14856,,86669,Health,"50,000-999,999",500+,57,1179,true,1236,false,59,500+
10/12/2022 12:00:00 AM,03/02/2023 12:00:00 AM,Cyberattack,05/26/2022 12:00:00 AM,10/12/2023 12:00:00 AM,"Squishable.com, Inc.",14855,Malware,671,Business,500-999,500+,365,139,true,504,false,141,500+
02/03/2023 12:00:00 AM,02/28/2023 12:00:00 AM,Cyberattack,01/30/2023 12:00:00 AM,01/31/2023 12:00:00 AM,Hatch Bank,14854,Other,2580,Finance,"1,000-9,999",1-99,0,4,false,1,false,25,1-99
01/25/2023 12:00:00 AM,02/24/2023 12:00:00 AM,Cyberattack,11/27/2022 12:00:00 AM,11/27/2022 12:00:00 AM,Crystal Bay Casino,14853,Ransomware,1480,Business,"1,000-9,999",1-99,0,59,false,0,false,30,0
02/10/2023 12:00:00 AM,03/05/2023 12:00:00 AM,Cyberattack,01/28/2023 12:00:00 AM,01/30/2023 12:00:00 AM,Premera Blue Cross,14851,Other,36211,Health,"10,000-49,999",1-99,0,13,false,2,false,23,1-99
02/16/2022 12:00:00 AM,02/17/2023 12:00:00 AM,Theft or Mistake,02/04/2022 12:00:00 AM,02/04/2022 12:00:00 AM,University of Washington,14768,,534,Education,500-999,1-99,0,12,false,0,false,366,0
10/27/2023 12:00:00 AM,02/29/2024 12:00:00 AM,Theft or Mistake,10/27/2023 12:00:00 AM,10/27/2023 12:00:00 AM,Fred Hutchinson Cancer Center,16487,,14898,Health,"10,000-49,999",0,0,0,true,0,true,125,0
05/09/2023 12:00:00 AM,02/28/2024 12:00:00 AM,Cyberattack,05/07/2023 12:00:00 AM,05/09/2023 12:00:00 AM,Houser LLP,16488,Ransomware,7791,Business,"1,000-9,999",1-99,0,2,true,2,true,295,1-99
07/11/2023 12:00:00 AM,02/09/2024 12:00:00 AM,Theft or Mistake,07/07/2023 12:00:00 AM,07/10/2023 12:00:00 AM,Trinity Universal Insurance Company,16489,,31701,Business,"10,000-49,999",1-99,0,4,false,3,false,213,1-99
11/14/2023 12:00:00 AM,02/06/2024 12:00:00 AM,Cyberattack,11/14/2023 12:00:00 AM,11/14/2023 12:00:00 AM,"Medical Management Resource Group, L.L.C.",16490,Ransomware,4482,Health,"1,000-9,999",0,0,0,true,0,true,84,0
11/13/2023 12:00:00 AM,03/01/2024 12:00:00 AM,Cyberattack,11/13/2023 12:00:00 AM,11/14/2023 12:00:00 AM,"Pacific Cataract and Laser Institute, Inc., P.C.",16492,Ransomware,6587,Health,"1,000-9,999",1-99,1,0,true,1,false,109,1-99
10/26/2023 12:00:00 AM,02/15/2024 12:00:00 AM,Cyberattack,10/26/2023 12:00:00 AM,10/26/2023 12:00:00 AM,"Webber Chiropractic Sports Clinic, Inc.",16495,Ransomware,1543,Health,"1,000-9,999",0,0,0,true,0,true,112,0
05/31/2023 12:00:00 AM,02/29/2024 12:00:00 AM,Cyberattack,05/29/2023 12:00:00 AM,05/29/2023 12:00:00 AM,"Baesman Group, Inc.",16498,Malware,1658,Business,"1,000-9,999",1-99,0,2,false,0,false,274,0
08/11/2023 12:00:00 AM,12/15/2023 12:00:00 AM,Cyberattack,05/30/2023 12:00:00 AM,,"Cohere Health (Welltok, Inc.)",16499,Malware,2299,Health,"1,000-9,999",Unknown,,73,false,,false,126,Unknown
09/22/2023 12:00:00 AM,12/15/2023 12:00:00 AM,Cyberattack,05/30/2023 12:00:00 AM,,"Centerwell Pharmacy (Welltok, Inc.)",16500,Malware,12222,Health,"10,000-49,999",Unknown,,115,false,,false,84,Unknown
09/22/2023 12:00:00 AM,12/15/2023 12:00:00 AM,Cyberattack,05/30/2023 12:00:00 AM,,"Humana, Inc. (Welltok, Inc.)",16506,Malware,33193,Finance,"10,000-49,999",Unknown,,115,false,,false,84,Unknown
09/22/2023 12:00:00 AM,12/15/2023 12:00:00 AM,Cyberattack,03/30/2024 12:00:00 AM,,"Reyes Holdings, LLC (Welltok, Inc.)",16507,Malware,543,Finance,500-999,Unknown,,-190,false,,false,84,Unknown
10/16/2023 12:00:00 AM,03/08/2024 12:00:00 AM,Cyberattack,10/15/2023 12:00:00 AM,10/16/2023 12:00:00 AM,Spokane Valley Fire Department,16510,Phishing,575,Government,500-999,1-99,0,1,true,1,true,144,1-99
12/30/2023 12:00:00 AM,03/07/2024 12:00:00 AM,Cyberattack,12/30/2023 12:00:00 AM,12/30/2023 12:00:00 AM,"Nations Direct Mortgage, LLC",16511,Ransomware,1862,Finance,"1,000-9,999",0,0,0,true,0,true,68,0
08/18/2023 12:00:00 AM,03/01/2024 12:00:00 AM,Cyberattack,08/11/2023 12:00:00 AM,08/17/2023 12:00:00 AM,Yakima Valley Radiology PC,16513,Ransomware,161768,Health,"50,000-999,999",1-99,0,7,false,6,false,196,1-99
04/25/2023 12:00:00 AM,02/29/2024 12:00:00 AM,Cyberattack,04/25/2023 12:00:00 AM,04/25/2023 12:00:00 AM,TAG Urgent Care Support Services LLC,16514,Ransomware,594,Health,500-999,0,0,0,true,0,true,310,0
05/31/2023 12:00:00 AM,03/01/2024 12:00:00 AM,Cyberattack,05/30/2023 12:00:00 AM,05/31/2023 12:00:00 AM,"Alliance Solutions Group, LLC (dba TalentLaunch)",16515,Ransomware,569,Business,500-999,1-99,0,1,true,1,true,275,1-99
10/06/2023 12:00:00 AM,02/28/2024 12:00:00 AM,Cyberattack,05/30/2023 12:00:00 AM,,"Aetna ACE (Welltok, Inc.)",16516,Malware,2653,Finance,"1,000-9,999",Unknown,,129,false,,false,145,Unknown
12/22/2023 12:00:00 AM,03/04/2024 12:00:00 AM,Theft or Mistake,04/01/2022 12:00:00 AM,01/11/2024 12:00:00 AM,Assurance IQ,16518,,982,Business,500-999,500+,20,630,true,650,false,73,500+
12/27/2023 12:00:00 AM,02/23/2024 12:00:00 AM,Theft or Mistake,11/20/2023 12:00:00 AM,11/20/2023 12:00:00 AM,"CVS Caremark Part D Services, L.L.C.",16528,,2193,Health,"1,000-9,999",1-99,0,37,false,0,false,58,0
11/12/2023 12:00:00 AM,03/12/2024 12:00:00 AM,Cyberattack,11/12/2023 12:00:00 AM,11/13/2023 12:00:00 AM,"Gerson Lehrman Group, Inc. ",16529,Ransomware,3734,Business,"1,000-9,999",1-99,1,0,true,1,false,121,1-99
02/06/2024 12:00:00 AM,03/15/2024 12:00:00 AM,Cyberattack,01/31/2024 12:00:00 AM,02/06/2024 12:00:00 AM,BioLife Plasma Services L.P. ,16530,Other,874,Health,500-999,1-99,0,6,true,6,true,38,1-99
04/10/2023 12:00:00 AM,03/12/2024 12:00:00 AM,Cyberattack,04/03/2023 12:00:00 AM,04/10/2023 12:00:00 AM,CCM Health,16531,Other,1273,Health,"1,000-9,999",1-99,0,7,true,7,true,337,1-99
04/25/2023 12:00:00 AM,02/28/2024 12:00:00 AM,Cyberattack,04/25/2023 12:00:00 AM,04/25/2023 12:00:00 AM,"Aspen Dental Management, Inc.",16533,Ransomware,904,Health,500-999,0,0,0,true,0,true,309,0
04/10/2024 12:00:00 AM,05/23/2024 12:00:00 AM,Cyberattack,02/21/2024 12:00:00 AM,02/21/2024 12:00:00 AM,"Incyte Corporation (The Lash Group, LLC)",17171,Malware,745,Health,500-999,1-99,0,49,false,0,false,43,0
04/10/2024 12:00:00 AM,06/07/2024 12:00:00 AM,Cyberattack,02/21/2024 12:00:00 AM,02/21/2024 12:00:00 AM,"Pfizer, Inc. (The Lash Group, LLC)",17172,Malware,2650,Health,"1,000-9,999",1-99,0,49,false,0,false,58,0
04/10/2024 12:00:00 AM,05/31/2024 12:00:00 AM,Cyberattack,02/21/2024 12:00:00 AM,02/21/2024 12:00:00 AM,"Rayner Surgical Inc. (The Lash Group, LLC)",17173,Malware,829,Health,500-999,1-99,0,49,false,0,false,51,0
04/10/2024 12:00:00 AM,05/22/2024 12:00:00 AM,Cyberattack,02/21/2024 12:00:00 AM,02/21/2024 12:00:00 AM,"Regeneron Pharmaceuticals, Inc. (The Lash Group, LLC)",17174,Malware,13958,Health,"10,000-49,999",1-99,0,49,false,0,false,42,0
04/10/2024 12:00:00 AM,05/28/2024 12:00:00 AM,Cyberattack,02/21/2024 12:00:00 AM,02/21/2024 12:00:00 AM,"Johnson & Johnson Services, Inc. (The Lash Group, LLC)",17175,Malware,5954,Health,"1,000-9,999",1-99,0,49,false,0,false,48,0
04/10/2024 12:00:00 AM,05/28/2024 12:00:00 AM,Cyberattack,02/21/2024 12:00:00 AM,02/21/2024 12:00:00 AM,"Johnson & Johnson Patient Assistance Foundation, Inc. (The Lash Group, LLC)",17176,Malware,12835,Health,"10,000-49,999",1-99,0,49,false,0,false,48,0
04/10/2024 12:00:00 AM,05/30/2024 12:00:00 AM,Cyberattack,02/21/2024 12:00:00 AM,02/21/2024 12:00:00 AM,"Sanofi US Services Inc. (The Lash Group, LLC)",17177,Malware,24496,Health,"10,000-49,999",1-99,0,49,false,0,false,50,0
04/10/2024 12:00:00 AM,05/31/2024 12:00:00 AM,Cyberattack,02/21/2024 12:00:00 AM,02/21/2024 12:00:00 AM,"Takeda Pharmaceuticals U.S.A., Inc. (The Lash Group, LLC)",17178,Malware,889,Health,500-999,1-99,0,49,false,0,false,51,0
06/13/2024 12:00:00 AM,06/21/2024 12:00:00 AM,Unauthorized Access,06/13/2024 12:00:00 AM,06/13/2024 12:00:00 AM,Levi Strauss & Co.,17179,,640,Business,500-999,0,0,0,true,0,true,8,0
11/27/2023 12:00:00 AM,07/09/2024 12:00:00 AM,Cyberattack,11/02/2023 12:00:00 AM,11/26/2023 12:00:00 AM,New York School of Interior Design,17217,Ransomware,755,Education,500-999,1-99,0,25,false,24,false,225,1-99
05/23/2024 12:00:00 AM,07/10/2024 12:00:00 AM,Unauthorized Access,04/14/2024 12:00:00 AM,05/24/2024 12:00:00 AM,"Advance Stores Company, Incorporated (Advanced Auto Parts)",17218,,21791,Business,"10,000-49,999",1-99,1,39,true,40,false,48,1-99
12/18/2023 12:00:00 AM,06/10/2024 12:00:00 AM,Cyberattack,12/18/2023 12:00:00 AM,01/02/2024 12:00:00 AM,First American Financial Corporation,17222,Ransomware,706,Finance,500-999,1-99,15,0,true,15,false,175,1-99
05/23/2024 12:00:00 AM,06/22/2024 12:00:00 AM,Unauthorized Access,04/02/2024 12:00:00 AM,05/18/2024 12:00:00 AM,Ticketmaster LLC,17223,,500,Business,500-999,1-99,0,51,false,46,false,30,1-99
06/05/2023 12:00:00 AM,06/28/2024 12:00:00 AM,Cyberattack,05/31/2023 12:00:00 AM,06/05/2023 12:00:00 AM,"Adapt Health (Philips Respironics, Inc.) ",17224,Ransomware,1200,Health,"1,000-9,999",1-99,0,5,true,5,true,389,1-99
06/05/2023 12:00:00 AM,06/03/2024 12:00:00 AM,Cyberattack,05/31/2023 12:00:00 AM,06/05/2023 12:00:00 AM,"Rotech Healthcare (Philips Respironics, Inc.)",17225,Ransomware,2802,Health,"1,000-9,999",1-99,0,5,true,5,true,364,1-99
05/31/2023 12:00:00 AM,06/03/2024 12:00:00 AM,Cyberattack,05/31/2023 12:00:00 AM,06/05/2023 12:00:00 AM,"Kaiser Foundation Health Plan, Inc. (Philips Respironics, Inc.)",17226,Ransomware,17530,Health,"10,000-49,999",1-99,5,0,true,5,false,369,1-99
10/22/2023 12:00:00 AM,07/16/2024 12:00:00 AM,Cyberattack,10/22/2023 12:00:00 AM,10/22/2023 12:00:00 AM,"FCDG Management, LLC",17228,Ransomware,1454,Health,"1,000-9,999",0,0,0,true,0,true,268,0
04/08/2024 12:00:00 AM,06/11/2024 12:00:00 AM,Unauthorized Access,04/08/2024 12:00:00 AM,,Rairdon Automotive Group,17229,,2301,Business,"1,000-9,999",Unknown,,0,false,,false,64,Unknown
12/28/2023 12:00:00 AM,05/08/2024 12:00:00 AM,Unauthorized Access,03/06/2023 12:00:00 AM,05/12/2023 12:00:00 AM,WebTPA,17230,,38420,Business,"10,000-49,999",200-299,0,297,false,67,false,132,1-99
08/11/2023 12:00:00 AM,07/10/2024 12:00:00 AM,Cyberattack,08/08/2023 12:00:00 AM,08/11/2023 12:00:00 AM,Coalition for the Common Good dba Antioch University,17248,Ransomware,4276,Education,"1,000-9,999",1-99,0,3,true,3,true,334,1-99
05/29/2024 12:00:00 AM,07/08/2024 12:00:00 AM,Cyberattack,02/09/2024 12:00:00 AM,05/31/2024 12:00:00 AM,Evolve Bank & Trust,17249,Ransomware,275716,Finance,"50,000-999,999",100-199,2,110,true,112,false,40,100-199
06/06/2024 12:00:00 AM,07/15/2024 12:00:00 AM,Cyberattack,06/06/2024 12:00:00 AM,06/06/2024 12:00:00 AM,Rite Aid Corporation,17250,Phishing,96270,Health,"50,000-999,999",0,0,0,true,0,true,39,0
09/14/2023 12:00:00 AM,04/25/2024 12:00:00 AM,Cyberattack,09/12/2023 12:00:00 AM,09/14/2023 12:00:00 AM,"Berry, Dunn, McNeil & Parker, LLC",17251,Ransomware,1888,Business,"1,000-9,999",1-99,0,2,true,2,true,224,1-99
05/24/2024 12:00:00 AM,06/24/2024 12:00:00 AM,Cyberattack,04/14/2024 12:00:00 AM,05/24/2024 12:00:00 AM,The Neiman Marcus Group LLC ,17252,Other,11049,Business,"10,000-49,999",1-99,0,40,true,40,true,31,1-99
03/25/2024 12:00:00 AM,06/14/2024 12:00:00 AM,Cyberattack,01/10/2024 12:00:00 AM,04/02/2024 12:00:00 AM,Scout Energy Management LLC,17254,Ransomware,1186,Business,"1,000-9,999",1-99,8,75,true,83,false,81,1-99
11/19/2023 12:00:00 AM,06/21/2024 12:00:00 AM,Cyberattack,10/26/2023 12:00:00 AM,11/23/2023 12:00:00 AM,"LivaNova USA, Inc.",17307,Ransomware,2116,Health,"1,000-9,999",1-99,4,24,true,28,false,215,1-99
03/25/2024 12:00:00 AM,07/26/2024 12:00:00 AM,Cyberattack,03/09/2024 12:00:00 AM,03/25/2024 12:00:00 AM,"HealthEquity, Inc.",17341,Other,90185,Health,"50,000-999,999",1-99,0,16,true,16,true,123,1-99
02/21/2024 12:00:00 AM,08/03/2024 12:00:00 AM,Cyberattack,02/17/2024 12:00:00 AM,02/20/2024 12:00:00 AM,Change Healthcare Inc.,17353,Ransomware,501,Health,500-999,1-99,0,4,false,3,false,164,1-99
06/11/2024 12:00:00 AM,08/05/2024 12:00:00 AM,Unauthorized Access,05/26/2024 12:00:00 AM,05/28/2024 12:00:00 AM,QuoteWizard,17420,,717781,Business,"50,000-999,999",1-99,0,16,false,2,false,55,1-99
03/02/2024 12:00:00 AM,08/13/2024 12:00:00 AM,Cyberattack,02/22/2024 12:00:00 AM,03/02/2024 12:00:00 AM,Kootenai Health,17430,Ransomware,94530,Health,"50,000-999,999",1-99,0,9,true,9,true,164,1-99
04/01/2024 12:00:00 AM,09/09/2024 12:00:00 AM,Cyberattack,04/01/2024 12:00:00 AM,04/01/2024 12:00:00 AM,"Kemper Sports Management, LLC",17529,Ransomware,1929,Business,"1,000-9,999",0,0,0,true,0,true,161,0
11/12/2022 12:00:00 AM,02/17/2023 12:00:00 AM,Cyberattack,11/09/2022 12:00:00 AM,11/13/2022 12:00:00 AM,"Rancho Mesquite Casino, Inc.",14663,Ransomware,4368,Business,"1,000-9,999",1-99,1,3,true,4,false,97,1-99
01/31/2023 12:00:00 AM,10/06/2023 12:00:00 AM,Cyberattack,01/16/2023 12:00:00 AM,01/31/2023 12:00:00 AM,Edmonds School District No. 15,14660,Other,143536,Education,"50,000-999,999",1-99,0,15,true,15,true,248,1-99
05/31/2022 12:00:00 AM,02/15/2023 12:00:00 AM,Cyberattack,04/04/2022 12:00:00 AM,05/31/2022 12:00:00 AM,Asotin County Public Facilities District,14637,Ransomware,1090,Government,"1,000-9,999",1-99,0,57,true,57,true,260,1-99
12/12/2022 12:00:00 AM,02/13/2023 12:00:00 AM,Cyberattack,12/12/2022 12:00:00 AM,12/12/2022 12:00:00 AM,Evergreen Treatment Services,14636,Ransomware,11247,Non-Profit/Charity,"10,000-49,999",0,0,0,true,0,true,63,0
12/18/2022 12:00:00 AM,02/09/2023 12:00:00 AM,Unauthorized Access,01/04/2023 12:00:00 AM,01/04/2023 12:00:00 AM,Northwest Mothers Milk Bank,14634,,1153,Non-Profit/Charity,"1,000-9,999",0,17,-17,true,0,false,53,0
12/15/2022 12:00:00 AM,02/06/2023 12:00:00 AM,Cyberattack,12/13/2022 12:00:00 AM,12/15/2022 12:00:00 AM,Highmark,14632,Phishing,1980,Health,"1,000-9,999",1-99,0,2,true,2,true,53,1-99
01/09/2023 12:00:00 AM,02/05/2023 12:00:00 AM,Theft or Mistake,08/25/2022 12:00:00 AM,01/13/2023 12:00:00 AM,Mutual of America Life Insurance Company,14630,,1043,Finance,"1,000-9,999",100-199,4,137,true,141,false,27,100-199
12/05/2022 12:00:00 AM,02/03/2023 12:00:00 AM,Cyberattack,11/14/2022 12:00:00 AM,11/14/2022 12:00:00 AM,"Rise Interactive Media & Analytics, LLC",14629,Ransomware,711,Business,500-999,1-99,0,21,false,0,false,60,0
01/17/2023 12:00:00 AM,02/16/2023 12:00:00 AM,Cyberattack,07/12/2022 12:00:00 AM,01/17/2023 12:00:00 AM,Integrative Dentistry,14628,Other,2281,Health,"1,000-9,999",100-199,0,189,true,189,true,30,100-199
03/01/2022 12:00:00 AM,09/03/2022 12:00:00 AM,Cyberattack,09/18/2020 12:00:00 AM,02/03/2022 12:00:00 AM,"Ballistic Products, Inc.",14550,Malware,1242,Business,"1,000-9,999",500+,0,529,false,503,false,186,500+
11/26/2022 12:00:00 AM,01/25/2023 12:00:00 AM,Cyberattack,11/24/2022 12:00:00 AM,11/26/2022 12:00:00 AM,Quality Behavioral Health,14547,Ransomware,2752,Health,"1,000-9,999",1-99,0,2,true,2,true,60,1-99
12/28/2022 12:00:00 AM,01/24/2023 12:00:00 AM,Unauthorized Access,11/01/2021 12:00:00 AM,,"Zacks Investment Research, Inc.  ",14546,,18815,Business,"10,000-49,999",Unknown,,422,false,,false,27,Unknown
01/05/2023 12:00:00 AM,01/20/2023 12:00:00 AM,Theft or Mistake,01/04/2023 12:00:00 AM,01/05/2023 12:00:00 AM,Pacific Lutheran University,14523,,708,Education,500-999,1-99,0,1,true,1,true,15,1-99
10/28/2022 12:00:00 AM,01/18/2023 12:00:00 AM,Cyberattack,10/23/2022 12:00:00 AM,10/28/2022 12:00:00 AM,"Morgan Industrial, Inc. dba Omega Morgan",14522,Ransomware,933,Business,500-999,1-99,0,5,true,5,true,82,1-99
02/14/2022 12:00:00 AM,08/12/2022 12:00:00 AM,Unauthorized Access,01/19/2022 12:00:00 AM,02/14/2022 12:00:00 AM,Centralia College,14521,,38418,Education,"10,000-49,999",1-99,0,26,true,26,true,179,1-99
12/08/2022 12:00:00 AM,01/18/2023 12:00:00 AM,Cyberattack,12/06/2022 12:00:00 AM,12/08/2022 12:00:00 AM,"PayPal, Inc.",14518,Other,890,Finance,500-999,1-99,0,2,true,2,true,41,1-99
12/05/2022 12:00:00 AM,01/12/2023 12:00:00 AM,Cyberattack,11/18/2022 12:00:00 AM,12/31/2022 12:00:00 AM,"General Mills, Inc. (""General Mills"")",14516,Other,18268,Business,"10,000-49,999",1-99,26,17,true,43,false,38,1-99
02/21/2022 12:00:00 AM,01/11/2023 12:00:00 AM,Cyberattack,02/20/2022 12:00:00 AM,02/21/2022 12:00:00 AM,TruConnect,14515,Ransomware,16380,Business,"10,000-49,999",1-99,0,1,true,1,true,324,1-99
08/08/2022 12:00:00 AM,09/22/2022 12:00:00 AM,Unauthorized Access,08/22/2022 12:00:00 AM,,"Savannah College of Art and Design, Inc.",14511,,575,Education,500-999,Unknown,,-14,false,,false,45,Unknown
11/24/2022 12:00:00 AM,01/04/2023 12:00:00 AM,Cyberattack,,,Knox College,14508,Ransomware,1003,Education,"1,000-9,999",Unknown,,,false,,false,41,Unknown
01/05/2023 12:00:00 AM,01/19/2023 12:00:00 AM,Unauthorized Access,11/25/2022 12:00:00 AM,01/05/2023 12:00:00 AM,T-Mobile USA,14503,,772593,Business,"50,000-999,999",1-99,0,41,true,41,true,14,1-99
09/05/2022 12:00:00 AM,12/29/2022 12:00:00 AM,Cyberattack,09/03/2022 12:00:00 AM,09/05/2022 12:00:00 AM,"Bay Bridge Administrators, LLC",14480,Ransomware,6980,Business,"1,000-9,999",1-99,0,2,true,2,true,115,1-99
11/15/2022 12:00:00 AM,12/28/2022 12:00:00 AM,Unauthorized Access,11/07/2022 12:00:00 AM,11/15/2022 12:00:00 AM,CellNetix Pathology and Laboratories,14479,,1936,Health,"1,000-9,999",1-99,0,8,true,8,true,43,1-99
12/04/2022 12:00:00 AM,12/28/2022 12:00:00 AM,Unauthorized Access,12/02/2022 12:00:00 AM,12/04/2022 12:00:00 AM,"Robert S Miller, LICSW, ACSW, PLLC",14471,,902,Health,500-999,1-99,0,2,true,2,true,24,1-99
07/20/2022 12:00:00 AM,12/22/2022 12:00:00 AM,Cyberattack,07/20/2022 12:00:00 AM,07/20/2022 12:00:00 AM,Human Investing,14470,Phishing,1898,Finance,"1,000-9,999",0,0,0,true,0,true,155,0
07/16/2022 12:00:00 AM,12/22/2022 12:00:00 AM,Cyberattack,05/25/2022 12:00:00 AM,07/16/2022 12:00:00 AM,"Steel River Systems, LLC",14469,Ransomware,1368,Business,"1,000-9,999",1-99,0,52,true,52,true,159,1-99
11/28/2022 12:00:00 AM,12/21/2022 12:00:00 AM,Theft or Mistake,05/21/2022 12:00:00 AM,05/23/2022 12:00:00 AM,"BetMGM, LLC (""BetMGM"")",14468,,2022,Business,"1,000-9,999",100-199,0,191,false,2,false,23,1-99
12/16/2021 12:00:00 AM,12/19/2022 12:00:00 AM,Cyberattack,11/08/2021 12:00:00 AM,11/17/2021 12:00:00 AM,P2 Energy Solutions,14466,Ransomware,573,Business,500-999,1-99,0,38,false,9,false,368,1-99
09/09/2022 12:00:00 AM,12/16/2022 12:00:00 AM,Unauthorized Access,01/01/2015 12:00:00 AM,,Snohomish County PUD No. 1,14465,,1132,Government,"1,000-9,999",Unknown,,2808,false,,false,98,Unknown
09/07/2022 12:00:00 AM,12/15/2022 12:00:00 AM,Cyberattack,07/29/2022 12:00:00 AM,09/07/2022 12:00:00 AM,"Order Express, Inc.",14464,Ransomware,1168,Finance,"1,000-9,999",1-99,0,40,true,40,true,99,1-99
08/09/2021 12:00:00 AM,12/13/2022 12:00:00 AM,Cyberattack,07/19/2021 12:00:00 AM,07/28/2021 12:00:00 AM,"Smith, Gambrell, & Russell, LLP",14463,Other,545,Business,500-999,1-99,0,21,false,9,false,491,1-99
11/17/2022 12:00:00 AM,12/12/2022 12:00:00 AM,Unauthorized Access,09/22/2022 12:00:00 AM,10/06/2022 12:00:00 AM,Sequoia Benefits and Insurance Services LLC,14331,,20949,Business,"10,000-49,999",1-99,0,56,false,14,false,25,1-99
12/10/2021 12:00:00 AM,12/07/2022 12:00:00 AM,Cyberattack,12/10/2021 12:00:00 AM,12/10/2021 12:00:00 AM,Veros Credit,14330,Ransomware,535,Finance,500-999,0,0,0,true,0,true,362,0
09/27/2022 12:00:00 AM,12/16/2022 12:00:00 AM,Unauthorized Access,,,Hope College,14329,,1225,Education,"1,000-9,999",Unknown,,,false,,false,80,Unknown
10/28/2022 12:00:00 AM,12/02/2022 12:00:00 AM,Unauthorized Access,06/23/2022 12:00:00 AM,09/08/2022 12:00:00 AM,Snap Finance LLC and Snap RTO LLC,14327,,1266,Finance,"1,000-9,999",100-199,0,127,false,77,false,35,1-99
10/02/2022 12:00:00 AM,12/01/2022 12:00:00 AM,Cyberattack,09/16/2022 12:00:00 AM,10/03/2022 12:00:00 AM,CommonSpirit Health,14105,Ransomware,582285,Health,"50,000-999,999",1-99,1,16,true,17,false,60,1-99
10/15/2022 12:00:00 AM,11/28/2022 12:00:00 AM,Cyberattack,10/13/2022 12:00:00 AM,10/15/2022 12:00:00 AM,"Vaupell Holdings, Inc.",14104,Ransomware,1009,Business,"1,000-9,999",1-99,0,2,true,2,true,44,1-99
05/24/2022 12:00:00 AM,11/23/2022 12:00:00 AM,Cyberattack,05/24/2022 12:00:00 AM,06/03/2022 12:00:00 AM,Hanesbrands Inc. ,14099,Ransomware,644,Business,500-999,1-99,10,0,true,10,false,183,1-99
05/12/2021 12:00:00 AM,11/21/2022 12:00:00 AM,Cyberattack,04/08/2021 12:00:00 AM,05/12/2021 12:00:00 AM,Receivables Performance Management LLC,14098,Ransomware,48252,Finance,"10,000-49,999",1-99,0,34,true,34,true,558,1-99
07/25/2022 12:00:00 AM,11/23/2022 12:00:00 AM,Unauthorized Access,07/25/2022 12:00:00 AM,07/25/2022 12:00:00 AM,Legacy Health,14094,,1608,Health,"1,000-9,999",0,0,0,true,0,true,121,0
07/18/2022 12:00:00 AM,11/15/2022 12:00:00 AM,Cyberattack,07/07/2022 12:00:00 AM,07/16/2022 12:00:00 AM,"Pro-Tem, Inc. dba PTI Systems",14093,Ransomware,677,Business,500-999,1-99,0,11,false,9,false,120,1-99
10/04/2022 12:00:00 AM,11/14/2022 12:00:00 AM,Theft or Mistake,10/04/2022 12:00:00 AM,10/04/2022 12:00:00 AM,Yakima Neighborhood Health Services,14092,,2664,Health,"1,000-9,999",0,0,0,true,0,true,41,0
08/01/2022 12:00:00 AM,11/02/2022 12:00:00 AM,Cyberattack,07/30/2022 12:00:00 AM,07/31/2022 12:00:00 AM,"Ethos Group, Inc.",14091,Other,39864,Finance,"10,000-49,999",1-99,0,2,false,1,false,93,1-99
06/17/2022 12:00:00 AM,11/02/2022 12:00:00 AM,Cyberattack,06/17/2022 12:00:00 AM,06/18/2022 12:00:00 AM,"Convergent Outsourcing, Inc. ",14090,Ransomware,2549,Business,"1,000-9,999",1-99,1,0,true,1,false,138,1-99
09/11/2022 12:00:00 AM,11/01/2022 12:00:00 AM,Cyberattack,09/04/2022 12:00:00 AM,09/12/2022 12:00:00 AM,"Pathward, N.A.",14089,Other,2639,Finance,"1,000-9,999",1-99,1,7,true,8,false,51,1-99
05/12/2021 12:00:00 AM,10/28/2022 12:00:00 AM,Cyberattack,04/20/2021 12:00:00 AM,05/17/2021 12:00:00 AM,"SightCare, Inc.",14087,Ransomware,700,Non-Profit/Charity,500-999,1-99,5,22,true,27,false,534,1-99
07/11/2022 12:00:00 AM,10/25/2022 12:00:00 AM,Cyberattack,07/09/2022 12:00:00 AM,07/11/2022 12:00:00 AM,Providence WA Anesthesia Services PC,14086,Ransomware,56578,Health,"50,000-999,999",1-99,0,2,true,2,true,106,1-99
02/09/2022 12:00:00 AM,08/01/2022 12:00:00 AM,Unauthorized Access,01/14/2022 12:00:00 AM,02/13/2022 12:00:00 AM,Camping World / Good Sam (CWGS),14044,,549,Business,500-999,1-99,4,26,true,30,false,173,1-99
07/18/2022 12:00:00 AM,10/31/2022 12:00:00 AM,Unauthorized Access,07/11/2022 12:00:00 AM,07/18/2022 12:00:00 AM,"Beyond 79, LLC",14013,,1664,Finance,"1,000-9,999",1-99,0,7,true,7,true,105,1-99
04/15/2021 12:00:00 AM,10/21/2022 12:00:00 AM,Unauthorized Access,06/25/2019 12:00:00 AM,01/08/2022 12:00:00 AM,Vivendi Ticketing US LLS d/b/a See Tickets US,14012,,7841,Business,"1,000-9,999",500+,268,660,true,928,false,554,500+
08/19/2021 12:00:00 AM,10/17/2022 12:00:00 AM,Unauthorized Access,08/19/2021 12:00:00 AM,,Barran Liebman LLP,13997,,2707,Business,"1,000-9,999",Unknown,,0,false,,false,424,Unknown
09/01/2022 12:00:00 AM,11/01/2022 12:00:00 AM,Unauthorized Access,08/22/2022 12:00:00 AM,08/31/2022 12:00:00 AM,"Alta Forest Products, LLC",13994,,1635,Business,"1,000-9,999",1-99,0,10,false,9,false,61,1-99
11/03/2023 12:00:00 AM,03/01/2024 12:00:00 AM,Cyberattack,10/29/2023 12:00:00 AM,11/02/2023 12:00:00 AM,Fidelity Investments Life Insurance Company & Empire Fidelit,16564,Other,768,Finance,500-999,1-99,0,5,false,4,false,119,1-99
12/14/2022 12:00:00 AM,03/20/2024 12:00:00 AM,Cyberattack,12/06/2022 12:00:00 AM,12/14/2022 12:00:00 AM,Monmouth College,16565,Ransomware,677,Education,500-999,1-99,0,8,true,8,true,462,1-99
02/16/2024 12:00:00 AM,03/18/2024 12:00:00 AM,Theft or Mistake,02/15/2024 12:00:00 AM,,"V12 Software, Inc. ",16567,,11151,Business,"10,000-49,999",Unknown,,1,false,,false,31,Unknown
05/12/2021 12:00:00 AM,03/20/2024 12:00:00 AM,Cyberattack,04/20/2021 12:00:00 AM,,"U.S.Vision, Inc.",16568,Ransomware,8308,Business,"1,000-9,999",Unknown,,22,false,,false,1043,Unknown
01/26/2024 12:00:00 AM,03/19/2024 12:00:00 AM,Theft or Mistake,01/26/2024 12:00:00 AM,01/31/2024 12:00:00 AM,"Dial Temporary Help Service, Inc. dba Employers Overload",16569,,528,Business,500-999,1-99,5,0,true,5,false,53,1-99
10/30/2023 12:00:00 AM,03/20/2024 12:00:00 AM,Cyberattack,10/25/2023 12:00:00 AM,10/29/2023 12:00:00 AM,Axiom Construction and Consulting,16570,Ransomware,1127,Business,"1,000-9,999",1-99,0,5,false,4,false,142,1-99
02/13/2024 12:00:00 AM,03/18/2024 12:00:00 AM,Cyberattack,02/12/2024 12:00:00 AM,02/13/2024 12:00:00 AM,Bethel School District,16571,Ransomware,28645,Education,"10,000-49,999",1-99,0,1,true,1,true,34,1-99
11/16/2023 12:00:00 AM,03/22/2024 12:00:00 AM,Cyberattack,10/30/2023 12:00:00 AM,11/16/2023 12:00:00 AM,GardaWorld Cash U.S.,16572,Malware,684,Business,500-999,1-99,0,17,true,17,true,127,1-99
02/05/2024 12:00:00 AM,02/29/2024 12:00:00 AM,Cyberattack,10/29/2023 12:00:00 AM,11/02/2023 12:00:00 AM,The Northwestern Mutual Life Insurance Company,16573,Ransomware,1025,Finance,"1,000-9,999",1-99,0,99,false,4,false,24,1-99
03/03/2023 12:00:00 AM,03/22/2024 12:00:00 AM,Cyberattack,03/03/2023 12:00:00 AM,03/03/2023 12:00:00 AM,Lewis and Clark College,16588,Ransomware,9725,Education,"1,000-9,999",0,0,0,true,0,true,385,0
03/26/2024 12:00:00 AM,04/10/2024 12:00:00 AM,Theft or Mistake,03/26/2024 12:00:00 AM,03/26/2024 12:00:00 AM,AT&T Inc.,16688,,378471,Business,"50,000-999,999",0,0,0,true,0,true,15,0
07/26/2023 12:00:00 AM,04/16/2024 12:00:00 AM,Cyberattack,05/30/2023 12:00:00 AM,,"CVS, the Blue Cross Blue Shield Federal Employee Program (Welltok, Inc.)",16689,Malware,4479,Finance,"1,000-9,999",Unknown,,57,false,,false,265,Unknown
10/20/2023 12:00:00 AM,04/19/2024 12:00:00 AM,Cyberattack,05/30/2023 12:00:00 AM,,"Premera Blue Cross (Welltok, Inc.)",16714,Malware,2384,Finance,"1,000-9,999",Unknown,,143,false,,false,182,Unknown
05/30/2023 12:00:00 AM,04/16/2024 12:00:00 AM,Cyberattack,,,Greylock McKinnon & Associates,16715,Unclear/unknown,1323,Business,"1,000-9,999",Unknown,,,false,,false,322,Unknown
02/28/2024 12:00:00 AM,04/02/2024 12:00:00 AM,Cyberattack,02/21/2024 12:00:00 AM,02/22/2024 12:00:00 AM,On Q Financial,16716,Other,18757,Finance,"10,000-49,999",1-99,0,7,false,1,false,34,1-99
04/07/2023 12:00:00 AM,04/19/2024 12:00:00 AM,Cyberattack,04/06/2023 12:00:00 AM,04/07/2023 12:00:00 AM,Centennial Bank,16717,Ransomware,3044,Finance,"1,000-9,999",1-99,0,1,true,1,true,378,1-99
09/05/2023 12:00:00 AM,04/04/2024 12:00:00 AM,Cyberattack,08/25/2023 12:00:00 AM,08/25/2023 12:00:00 AM,"Pacific Guardian Life Insurance Company, Limited",16718,Phishing,1950,Business,"1,000-9,999",1-99,0,11,false,0,false,212,0
04/04/2023 12:00:00 AM,04/11/2024 12:00:00 AM,Cyberattack,04/04/2023 12:00:00 AM,04/04/2023 12:00:00 AM,"Mississippi Children's Home Services, Inc., Mississippi Chil",16727,Ransomware,2477,Non-Profit/Charity,"1,000-9,999",0,0,0,true,0,true,373,0
05/31/2023 12:00:00 AM,02/26/2024 12:00:00 AM,Cyberattack,05/27/2023 12:00:00 AM,05/31/2023 12:00:00 AM,Kirkland & Ellis LLP on behalf of the Fed. Way Sch. Dist. ,16826,Other,35274,Business,"10,000-49,999",1-99,0,4,true,4,true,271,1-99
10/20/2023 12:00:00 AM,03/22/2024 12:00:00 AM,Cyberattack,10/20/2023 12:00:00 AM,10/20/2023 12:00:00 AM,Fox Specialties Inc. Trading As Encompass Elements,16827,Ransomware,1601,Business,"1,000-9,999",0,0,0,true,0,true,154,0
03/04/2024 12:00:00 AM,04/23/2024 12:00:00 AM,Cyberattack,02/04/2024 12:00:00 AM,03/04/2024 12:00:00 AM,"Valley Veterinary Clinic, LLC",16828,Skimmers,661,Business,500-999,1-99,0,29,true,29,true,50,1-99
11/16/2023 12:00:00 AM,12/15/2023 12:00:00 AM,Cyberattack,,,"Berkshire Production Supply, LLC d/b/a Berkshire eSupply",16830,Unclear/unknown,712,Business,500-999,Unknown,,,false,,false,29,Unknown
10/28/2023 12:00:00 AM,04/30/2024 12:00:00 AM,Cyberattack,08/19/2023 12:00:00 AM,10/29/2023 12:00:00 AM,OE Federal Credit Union,16831,Ransomware,3268,Finance,"1,000-9,999",1-99,1,70,true,71,false,185,1-99
03/02/2024 12:00:00 AM,05/01/2024 12:00:00 AM,Cyberattack,04/29/2024 12:00:00 AM,03/02/2024 12:00:00 AM,"United Seating and Mobility, L.L.C., d/b/a Numotion ",16832,Ransomware,35143,Health,"10,000-49,999",0,0,-58,true,-58,true,60,0
03/29/2024 12:00:00 AM,05/03/2024 12:00:00 AM,Cyberattack,03/29/2024 12:00:00 AM,04/03/2024 12:00:00 AM,Electric Mirror LLC,16833,Ransomware,1313,Business,"1,000-9,999",1-99,5,0,true,5,false,35,1-99
09/13/2023 12:00:00 AM,04/12/2024 12:00:00 AM,Cyberattack,09/08/2023 12:00:00 AM,09/13/2023 12:00:00 AM,"Goddard Systems, LLC",16834,Phishing,640,Education,500-999,1-99,0,5,true,5,true,212,1-99
03/10/2024 12:00:00 AM,04/30/2024 12:00:00 AM,Cyberattack,03/07/2024 12:00:00 AM,03/11/2024 12:00:00 AM,"Panda Restaurant Group, Inc. (PRG)",16837,Malware,6916,Business,"1,000-9,999",1-99,1,3,true,4,false,51,1-99
10/29/2023 12:00:00 AM,04/01/2024 12:00:00 AM,Cyberattack,10/27/2023 12:00:00 AM,10/29/2023 12:00:00 AM,Ace Hardware Corporation,16838,Ransomware,613,Business,500-999,1-99,0,2,true,2,true,155,1-99
05/30/2023 12:00:00 AM,04/29/2024 12:00:00 AM,Cyberattack,10/30/2022 12:00:00 AM,05/30/2023 12:00:00 AM,Wescom Central Credit Union,16839,Malware,557,Finance,500-999,200-299,0,212,true,212,true,335,200-299
06/27/2023 12:00:00 AM,04/19/2024 12:00:00 AM,Cyberattack,06/26/2023 12:00:00 AM,06/27/2024 12:00:00 AM,Green Diamond Resource Company,16840,Ransomware,9532,Business,"1,000-9,999",300-399,366,1,true,367,false,297,300-399
01/22/2024 12:00:00 AM,04/26/2024 12:00:00 AM,Cyberattack,01/18/2024 12:00:00 AM,01/18/2024 12:00:00 AM,"Designed Receivable Solutions, Inc.",16841,Ransomware,1131,Finance,"1,000-9,999",1-99,0,4,false,0,false,95,0
01/10/2024 12:00:00 AM,03/26/2024 12:00:00 AM,Cyberattack,01/08/2024 12:00:00 AM,01/10/2024 12:00:00 AM,Orsini Pharmaceutical Services,16842,Phishing,832,Health,500-999,1-99,0,2,true,2,true,76,1-99
11/02/2023 12:00:00 AM,12/19/2023 12:00:00 AM,Cyberattack,11/01/2023 12:00:00 AM,11/03/2023 12:00:00 AM,Recology Inc. (“Recology”),16896,Ransomware,3540,Business,"1,000-9,999",1-99,1,1,true,2,false,47,1-99
02/05/2024 12:00:00 AM,04/23/2024 12:00:00 AM,Cyberattack,02/04/2024 12:00:00 AM,02/14/2024 12:00:00 AM,Prudential Insurance Company of America,16933,Phishing,872,Finance,500-999,1-99,9,1,true,10,false,78,1-99
04/10/2024 12:00:00 AM,05/28/2024 12:00:00 AM,Unauthorized Access,10/01/2023 12:00:00 AM,04/01/2024 12:00:00 AM,"HealthFirst Urgent Care, PLLC",16949,,4111,Health,"1,000-9,999",100-199,0,192,false,183,false,48,100-199
11/18/2023 12:00:00 AM,03/28/2024 12:00:00 AM,Unauthorized Access,11/18/2023 12:00:00 AM,11/25/2023 12:00:00 AM,"Hot Topic, Inc.",16950,,3655,Business,"1,000-9,999",1-99,7,0,true,7,false,131,1-99
02/01/2024 12:00:00 AM,04/01/2024 12:00:00 AM,Cyberattack,01/16/2024 12:00:00 AM,02/04/2024 12:00:00 AM,Northern Idaho Advanced Care Hospital,16951,Ransomware,2728,Health,"1,000-9,999",1-99,3,16,true,19,false,60,1-99
10/13/2023 12:00:00 AM,04/02/2024 12:00:00 AM,Cyberattack,07/07/2023 12:00:00 AM,10/15/2023 12:00:00 AM,City of Hope,16953,Other,3784,Health,"1,000-9,999",100-199,2,98,true,100,false,172,100-199
04/12/2024 12:00:00 AM,05/24/2024 12:00:00 AM,Cyberattack,03/25/2024 12:00:00 AM,04/12/2024 12:00:00 AM,"TRC Staffing Services, Inc. d/b/a TRC Talent Solutions",16954,Ransomware,2792,Business,"1,000-9,999",1-99,0,18,true,18,true,42,1-99
05/31/2023 12:00:00 AM,03/29/2024 12:00:00 AM,Unauthorized Access,05/28/2023 12:00:00 AM,,University System of Georgia,16960,Malware,1000,Education,"1,000-9,999",Unknown,,3,false,,false,303,Unknown
02/26/2024 12:00:00 AM,04/18/2024 12:00:00 AM,Unauthorized Access,08/26/2021 12:00:00 AM,02/26/2024 12:00:00 AM,"JPMorgan Chase Bank, N.A.",16994,,4513,Finance,"1,000-9,999",500+,0,914,true,914,true,52,500+
10/17/2023 12:00:00 AM,06/04/2024 12:00:00 AM,Cyberattack,10/17/2023 12:00:00 AM,10/17/2023 12:00:00 AM,"Assist System, LLC and Medjet Assistance, LLC",16996,Ransomware,9142,Business,"1,000-9,999",0,0,0,true,0,true,231,0
04/30/2024 12:00:00 AM,05/24/2024 12:00:00 AM,Unauthorized Access,10/03/2023 12:00:00 AM,10/10/2023 12:00:00 AM,"A&A Services, d/b/a Sav-Rx",16997,,69051,Health,"50,000-999,999",200-299,0,210,false,7,false,24,1-99
02/15/2024 12:00:00 AM,06/06/2024 12:00:00 AM,Cyberattack,02/15/2024 12:00:00 AM,02/15/2024 12:00:00 AM,"My Daily Choice, Inc.",17047,Ransomware,1593,Business,"1,000-9,999",0,0,0,true,0,true,112,0
12/06/2023 12:00:00 AM,05/22/2024 12:00:00 AM,Cyberattack,12/04/2023 12:00:00 AM,12/06/2023 12:00:00 AM,"Trionfo Solutions, LLC ",17048,Ransomware,849,Business,500-999,1-99,0,2,true,2,true,168,1-99
02/01/2024 12:00:00 AM,04/01/2024 12:00:00 AM,Cyberattack,01/16/2024 12:00:00 AM,02/04/2024 12:00:00 AM,Rehabilitation Hospital of the Northwest,17049,Ransomware,728,Health,500-999,1-99,3,16,true,19,false,60,1-99
05/31/2023 12:00:00 AM,06/12/2024 12:00:00 AM,Cyberattack,05/27/2023 12:00:00 AM,05/31/2023 12:00:00 AM,Kirkland & Ellis LLP,17050,Other,810,Business,500-999,1-99,0,4,true,4,true,378,1-99
03/19/2024 12:00:00 AM,05/24/2024 12:00:00 AM,Cyberattack,02/05/2024 12:00:00 AM,02/22/2024 12:00:00 AM,New York Life Investment Management LLC,17055,Malware,772,Finance,500-999,1-99,0,43,false,17,false,66,1-99
03/07/2024 12:00:00 AM,05/08/2024 12:00:00 AM,Cyberattack,10/16/2023 12:00:00 AM,03/07/2024 12:00:00 AM,Bodyartforms LLC,17068,Other,558,Business,500-999,100-199,0,143,true,143,true,62,100-199
08/05/2023 12:00:00 AM,05/24/2024 12:00:00 AM,Cyberattack,07/17/2023 12:00:00 AM,08/05/2023 12:00:00 AM,"Messner Reeves on behalf of Chipotle Mexican Grill, Inc.",17085,Ransomware,678,Business,500-999,1-99,0,19,true,19,true,293,1-99
09/14/2023 12:00:00 AM,05/01/2024 12:00:00 AM,Cyberattack,09/07/2023 12:00:00 AM,09/14/2023 12:00:00 AM,"Greenpoint Technologies, Inc.  ",17086,Ransomware,1017,Business,"1,000-9,999",1-99,0,7,true,7,true,230,1-99
03/23/2024 12:00:00 AM,06/13/2024 12:00:00 AM,Cyberattack,02/09/2024 12:00:00 AM,03/23/2024 12:00:00 AM,"Panera, LLC",17118,Ransomware,744,Business,500-999,1-99,0,43,true,43,true,82,1-99
12/12/2023 12:00:00 AM,06/13/2024 12:00:00 AM,Unauthorized Access,11/22/2023 12:00:00 AM,12/12/2023 12:00:00 AM,Atria Wealth Solutions,17120,,779,Finance,500-999,1-99,0,20,true,20,true,184,1-99
04/10/2024 12:00:00 AM,05/21/2024 12:00:00 AM,Cyberattack,02/21/2024 12:00:00 AM,02/21/2024 12:00:00 AM,"AbbVie, Inc. (The Lash Group, LLC)",17138,Malware,7931,Health,"1,000-9,999",1-99,0,49,false,0,false,41,0
02/21/2024 12:00:00 AM,05/17/2024 12:00:00 AM,Cyberattack,02/21/2024 12:00:00 AM,02/21/2024 12:00:00 AM,"Bristol Myers Squibb/Bristol Myers Squibb Patient Assistance Foundation (The Lash Group, LLC)",17139,Malware,34644,Health,"10,000-49,999",0,0,0,true,0,true,86,0
02/21/2024 12:00:00 AM,05/21/2024 12:00:00 AM,Cyberattack,02/21/2024 12:00:00 AM,02/21/2024 12:00:00 AM,"Acadia Pharmaceuticals, Inc. (The Lash Group, LLC)",17140,Malware,851,Health,500-999,0,0,0,true,0,true,90,0
05/09/2024 12:00:00 AM,06/07/2024 12:00:00 AM,Cyberattack,05/08/2024 12:00:00 AM,05/09/2024 12:00:00 AM,Christie’s Inc.,17157,Ransomware,985,Business,500-999,1-99,0,1,true,1,true,29,1-99
04/10/2024 12:00:00 AM,05/30/2024 12:00:00 AM,Cyberattack,02/21/2024 12:00:00 AM,02/21/2024 12:00:00 AM,"Amgen, Inc. (The Lash Group, LLC)",17167,Malware,14081,Health,"10,000-49,999",1-99,0,49,false,0,false,50,0
04/10/2024 12:00:00 AM,05/23/2024 12:00:00 AM,Cyberattack,02/21/2024 12:00:00 AM,02/21/2024 12:00:00 AM,"Dendreon Pharmaceuticals (The Lash Group, LLC)",17168,Malware,920,Health,500-999,1-99,0,49,false,0,false,43,0
04/10/2024 12:00:00 AM,05/24/2024 12:00:00 AM,Cyberattack,02/21/2024 12:00:00 AM,02/21/2024 12:00:00 AM,"GlaxoSmithKline Group of Companies/GSK Patient Access Programs Foundation (The Lash Group, LLC)",17169,Malware,6617,Health,"1,000-9,999",1-99,0,49,false,0,false,44,0
04/10/2024 12:00:00 AM,05/22/2024 12:00:00 AM,Cyberattack,02/21/2024 12:00:00 AM,02/21/2024 12:00:00 AM,"Novartis Pharmaceuticals Corporation (The Lash Group, LLC)",17170,Malware,2520,Health,"1,000-9,999",1-99,0,49,false,0,false,42,0
12/06/2021 12:00:00 AM,08/19/2022 12:00:00 AM,Unauthorized Access,10/27/2021 12:00:00 AM,12/07/2021 12:00:00 AM,Community Loan Servicing LLC,13691,,7518,Finance,"1,000-9,999",1-99,1,40,true,41,false,256,1-99
